Object ID,Reported ID (Mandal),True ID (Shen and Liu),Reported Redshift (Mandal),Heliocentric z (NED),DR7 Helio z (Shen and Liu),CMB rest frame z,Flow Corrected z (NED),RA (deg),Dec (deg),Log Bolemetric L (Mandal),Uncertainty in log(Lbol),log(L5100 L3000 L1350) (Shen),Uncertainty in L (Shen),log(L5100) for Sample 1 (Liu),Uncertainty in L (Liu),Adopted log(L),Adopted L_err,Peak CCF W1,pVal,Time delay W1,Lower uncertainty in tauW1 (1sigma),Upper Uncertainty in tauW1 (1sigma),tauW1 Corrected for AD,Lower Uncertainty in tauW1AD (1sigma),Upper Uncertainty in tauW1AD (1sigma),TauADW1 from Javelin,Lower Uncertainty in tauADW1JAV,Upper Uncertainty in tauADW1JAV,Log tauADW1JAV,Log_err Symm tauADW1JAV,Peak CCF W2,pValW2,Time delay W2,Lower uncertainty in tauW2 (1sigma),Upper uncertainty in tauW2 (1sigma),tauW2 Corrected for AD,Lower Uncertainty in tauW2AD (1sigma),Upper Uncertainty in tauW2AD (1sigma),TauADW2 from Javelin,Lower Uncertainty in tauADW2JAV,Upper Uncertainty in tauADW2JAV
OB01,J014017.07-00503.0,014017.07-005003.0,0.334,0.334051,0.334406,0.3327528724,,25.071125,-0.8341666667,46.14,0.01,45.17173002,0.00423369192,45.16963501,0.00002371207283,45.16963501,0.00002371207283,0.85,0.0811,617,99,105,773,178,189,1059,188,97,3.02489596,0.06146983954,0.82,0.1421,619,113,117,795,208,209,1076,211,104
OB02,J031027.83-004950.8,031027.83-004950.8,0.08,0.080148,0.0801678,0.07948296923,,47.61595833,-0.8307777778,45.05,0.01,44.09691241,0.01419144884,44.08710749,0.00002014231389,44.08710749,0.00002014231389,0.74,0.0089,73,33,51,133,78,91,163,91,103,2.212187604,0.2837745701,0.73,0.0093,98,39,74,165,95,87,179,63,102
OB03,J032213.90+005513.5,032213.90+005513.5,0.185,0.18478,0.184941,0.1841103251,,50.55791667,0.9204166667,45.69,0.01,44.7201968,0.0009281979391,44.71965812,0.000006891491901,44.71965812,0.000006891491901,0.71,0.1689,375,150,110,400,145,116,616,27,29,2.789580712,0.01972220992,0.7,0.1953,422,164,130,434,172,130,619,13,23
OB04,J073623.13+392617.8,073623.13+392617.8,0.118,0.117997,0.118065,0.118515094,,114.096375,39.43827778,45.3,0.01,44.31745098,0.001002075382,44.3328651,0.00001018409307,44.3328651,0.00001018409307,0.71,0.1933,693,181,559,720,198,569,947,315,17,2.976349979,0.09167997781,0.66,0.1993,1087,263,312,1099,282,329,963,10,17
OB05,J080131.97+473616.0,080131.97+473616.0,0.157,0.156837,0.156938,0.1573543657,,120.3832083,47.60444444,45.63,0.01,44.65658824,0.001945663603,44.66122016,0.00004487275998,44.66122016,0.00004487275998,0.72,0.1553,843,162,134,838,180,156,506,5,6,2.704150517,0.004716117554,0.7,0.1926,1004,182,242,985,188,230,1258,11,12
OB06,J08238.29+421521.0,082308.29+421521.0,0.056,0.056183,0.0561806,0.05678704143,,125.7845417,42.25583333,44.38,0.01,none,none,43.41383005,0.01133321801,43.41383005,0.01133321801,0.75,0.0904,121,81,86,131,86,91,105,16,24,2.021189299,0.08059985183,0.73,0.1203,198,102,109,217,103,113,254,151,24
OB07,J082628.20+085535.4,082628.20+085535.4,0.254,0.254802,0.254255,0.2559138935,,126.6175,8.9265,45.63,0.01,44.65676345,0.001612215345,44.65942389,0.01447748777,44.65942389,0.01447748777,0.77,0.0613,430,69,79,501,100,126,541,65,90,2.733197265,0.06121120326,0.74,0.1139,502,83,100,566,113,148,546,69,109
OB08,J082758.53+23332.9,082758.53+233302.9,0.302,0.302092,0.301933,0.3031192063,,126.993875,23.55080556,46.02,0.01,45.03476942,0.001951344892,45.05325595,0.01053788044,45.05325595,0.01053788044,0.71,0.183,1121,514,188,1091,458,176,491,44,49,2.691081492,0.04104311835,,,,,,,,,,,
OB09,J083949.65+48471.5,083949.65+484701.5,0.039,0.039197,0.0393475,0.03974156048,,129.956875,48.78375,43.91,0.01,none,none,42.93873679,0.0142200891,42.93873679,0.0142200891,0.64,0.0648,338,157,137,348,159,135,556,32,23,2.745074792,0.02167363837,0.64,0.0445,365,174,145,373,167,157,562,25,188
OB10,J085439.24+174122.4,085439.24+174122.4,0.065,0.065212,0.0654231,0.06619149501,,133.6635,17.68955556,44.86,0.01,none,none,43.895252,0.008296280084,43.895252,0.008296280084,0.7,0.1793,302,75,85,319,82,88,446,17,33,2.649334859,0.02393911061,0.69,0.1912,337,70,97,353,79,98,447,20,166
OB11,J092554.72+19545.1,092554.72+195405.1,0.192,0.192696,0.192173,0.1938659747,,141.478,19.90141667,45.97,0.01,45.04971985,0.0006823874472,45.00814866,0.008543868516,45.00814866,0.008543868516,0.69,0.1933,773,425,318,1062,141,142,999,30,58,2.999565488,0.01887560513,0.66,0.1911,1275,357,163,1393,189,175,1323,82,302
OB12,J09371.05+010543.8,093701.05+010543.8,0.051,0.050249,0.0505084,0.05142482287,,144.254375,1.0955,44.56,0.01,none,none,43.58890139,0.00001829499883,43.58890139,0.00001829499883,,,,,,,,,,,,,,0.63,0.1937,1233,317,277,1273,327,266,1233,7,5
OB13,J094733.22+10058.8,094733.22+100508.8,0.139,0.13899,0.139237,0.1402431448,,146.8884167,10.08577778,45.22,0.01,44.2434506,0.01177191058,44.24955804,0.00001639140802,44.24955804,0.00001639140802,0.74,0.0498,421,99,90,426,100,91,622,292,36,2.793790385,0.1498559769,0.74,0.0989,499,117,119,505,119,119,646,30,23
OB14,J094745.15+072520.6,094745.15+072520.6,0.086,0.085556,0.0858307,0.0867670163,,146.938125,7.422388889,44.63,0.01,43.85967031,0.0007369125763,43.66486971,0.00534284714,43.66486971,0.00534284714,0.74,0.0624,287,89,118,313,110,127,470,25,34,2.672097858,0.02703526273,0.72,0.0749,420,108,97,453,129,111,512,48,42
OB15,J095955.85+130237.8,095955.85+130237.8,0.035,0.035241,0.0354865,0.03638221802,,149.9827083,13.04383333,44.32,0.01,none,none,43.3504552,0.00002740066733,43.3504552,0.00002740066733,0.6,0.0349,72,46,55,79,47,54,148,54,48,2.170261715,0.1595641089,0.6,0.0422,94,44,59,99,44,56,160,16,64
OB16,J10042.61+285535.4,100402.61+285535.4,0.329,0.32914,0.328737,0.3304081065,,151.010875,28.9265,46.4,0.01,45.44348763,0.001029236153,45.43276606,0.009250119894,45.43276606,0.009250119894,0.69,0.1656,879,317,276,972,358,381,719,51,57,2.85672889,0.03254262939,0.69,0.198,913,375,210,1025,380,538,755,49,56
OB17,J100420.14+05130.4,100420.14+051300.4,0.16,0.160116,0.16032,0.1614557387,,151.0839167,5.216777778,45.53,0.01,44.57300602,0.01256533987,44.56210703,0.00001240253284,44.56210703,0.00001240253284,0.62,0.1917,1185,214,246,1179,240,291,855,88,394,2.931966115,0.1058835372,0.67,0.1998,1167,164,240,1166,191,280,840,55,64
OB18,J100710.21+22031.3,100710.21+220301.3,0.082,0.081802,0.0819908,0.08292194646,,151.7925417,22.05036111,44.64,0.01,none,none,43.66845929,0.01048127149,43.66845929,0.01048127149,0.6,0.0757,152,64,78,175,89,102,126,46,32,2.100370545,0.14778355,0.6,0.0857,183,69,77,203,91,89,145,50,50
OB19,J100726.10+124856.2,100726.10+124856.2,0.241,0.240743,0.24064,0.2421269987,,151.85875,12.81561111,46.34,0.01,45.40884499,0.0008712709825,45.37124608,0.00008880942923,45.37124608,0.00008880942923,0.64,0.1799,694,213,293,1045,328,383,593,43,92,2.773054693,0.047663941,,,,,,,,,,,
OB20,J100854.94+373930.0,100854.94+373930.0,0.054,0.053488,0.0536075,0.05437586837,,152.2289167,37.65833333,44.19,0.04,none,none,43.22636255,0.0418069988,43.22636255,0.0418069988,0.8,0.0082,69,44,40,72,49,46,84,12,53,1.924279286,0.1396940354,0.74,0.0122,91,28,33,100,32,48,247,18,31
OB21,J101044.51+004331.3,101044.51+004331.3,0.177,0.177428,0.177408,0.1788182973,,152.6854583,0.7253611111,45.63,0.01,44.64538584,0.001823948366,44.66569833,0.00002771970392,44.66569833,0.00002771970392,0.75,0.0432,151,58,61,210,109,101,309,41,29,2.489958479,0.05039095312,0.76,0.0312,155,57,63,203,108,101,311,49,28
OB22,J10133.18+355123.8,101303.18+355123.8,0.079,0.078852,0.0789027,0.07979435239,,153.26325,35.85661111,45.16,0.01,44.20342518,0.005332853952,44.18988389,0.009319871257,44.18988389,0.009319871257,0.74,0.0073,124,41,42,163,40,69,146,27,39,2.164352856,0.09581238351,0.63,0.0447,153,55,73,197,62,113,191,42,20
OB23,J102255.63+184744.6,102255.63+184744.6,0.176,0.176597,0.176054,0.1778749466,,155.7317917,18.79572222,45.27,0.01,44.27965903,0.002458375978,44.30017932,0.01490740429,44.30017932,0.01490740429,0.86,0.0404,246,88,101,264,104,111,268,43,46,2.428134794,0.07237356498,0.83,0.1102,307,116,142,336,133,166,275,28,23
OB24,J102531.28+514034.9,102531.28+514034.9,0.045,0.044586,0.044818,0.04524128738,,156.3803333,51.67636111,44.57,0.01,none,none,43.60552591,0.00002027392906,43.60552591,0.00002027392906,0.6,0.0427,215,99,125,224,101,143,178,68,8,2.250420002,0.1140601295,0.55,0.0871,257,114,135,263,118,149,184,4,28
OB25,J10455.17+084339.1,104505.17+084339.1,0.125,0.124775,0.12493,0.1261032781,,161.2715417,8.727527778,45.29,0.01,44.34662022,0.005301724024,44.32493261,0.01188178533,44.32493261,0.01188178533,0.79,0.0043,134,54,61,165,61,55,212,58,30,2.326335861,0.09814732257,0.73,0.0225,150,74,87,212,101,175,212,80,54
OB26,J104936.91+062922.1,104936.91+062922.1,0.152,0.15158,0.151955,0.1529568099,,162.4037917,6.489472222,45.12,0.01,44.15668295,0.004804424297,44.15240502,0.00006582884896,44.15240502,0.00006582884896,0.71,0.1059,328,110,131,332,151,182,416,84,93,2.619093331,0.09278984932,0.65,0.1979,480,153,163,485,202,201,473,47,133
OB27,J105143.90+335926.7,105143.90+335926.7,0.17,0.167067,0.167129,0.1681510906,,162.9329167,33.99075,45.45,0.01,44.49416206,0.00176257238,44.47923341,0.01127798502,44.47923341,0.01127798502,0.79,0.183,203,102,102,244,129,118,450,80,28,2.653212514,0.05561308627,0.79,0.183,320,98,132,366,117,174,447,68,53
OB28,J105827.06+223533.5,105827.06+223533.5,0.094,0.093564,0.093527,0.09473685714,,164.61275,22.59263889,44.49,0.03,43.8300685,0.003593702627,43.52069619,0.03386176611,43.52069619,0.03386176611,0.61,0.0299,162,40,50,174,40,64,165,14,60,2.217483944,0.08660278541,0.64,0.032,188,42,76,211,59,90,234,15,38
OB29,J110538.99+020257.4,110538.99+020257.4,0.106,0.105586,0.105549,0.1069342293,,166.4124583,2.049277778,45,0.01,44.02137768,0.001848394646,44.03152334,0.00002427568078,44.03152334,0.00002427568078,0.67,0.1444,306,235,371,509,303,328,234,21,17,2.369215857,0.03564705902,0.65,0.1974,576,390,296,703,332,265,828,16,15
OB30,J11176.40+441333.3,111706.40+441333.3,0.14,0.14373,0.143838,0.1446150534,,169.2766667,44.22591667,45.73,0.01,44.76966595,0.001012503489,44.76126415,0.0000372315517,44.76126415,0.0000372315517,0.74,0.0746,338,65,75,353,77,101,380,14,17,2.579783597,0.01765471068,0.7,0.0746,395,95,76,403,102,103,412,27,25
OB31,J111830.28+402554.0,111830.29+402554.0,0.15,0.154811,0.154531,0.1557760313,,169.6261667,40.43166667,45.61,0.01,44.64291449,0.001353097037,44.64564293,0.00001794517573,44.64564293,0.00001794517573,0.75,0.0976,276,129,112,319,142,123,654,31,68,2.815577748,0.03202457546,0.75,0.0976,315,134,113,351,140,132,691,57,29
OB32,J112439.18+420145.0,112439.18+420145.0,0.23,0.224869,0.225025,0.2258598627,,171.16325,42.02916667,45.95,0.01,44.98002274,0.01033983643,44.98234462,0.00002171978907,44.98234462,0.00002171978907,0.72,0.1618,299,62,67,357,76,81,351,12,76,2.545307116,0.05011408841,0.7,0.1918,372,70,68,414,82,84,454,13,8
OB33,J112536.17+542257.2,112536.17+542257.2,0.021,0.020686,0.0205994,0.02128916504,,171.4007083,54.38255556,43.41,0.01,none,none,42.4473733,0.01417393037,42.4473733,0.01417393037,0.72,0.0045,28,17,12,29,19,13,40,7,7,1.602059991,0.07679195903,0.75,0.003,34,12,14,36,12,15,38,5,6
OB34,J112813.03+10238.3,112813.03+102308.3,0.05,0.050148,0.0504413,0.05138283601,,172.0542917,10.38563889,44.55,0.01,none,none,43.5822251,0.00002111232763,43.5822251,0.00002111232763,0.69,0.0146,176,70,79,194,71,80,228,10,12,2.357934847,0.02087737405,0.7,0.0127,216,69,75,233,69,85,235,16,53
OB35,J113029.13+493457.8,113029.13+493457.8,0.096,0.095768,0.0955398,0.09651113984,,172.621375,49.58272222,44.62,0.01,none,none,43.65733242,0.01370795032,43.65733242,0.01370795032,0.69,0.1733,400,157,186,398,183,230,459,50,59,2.661812686,0.05130322587,0.7,0.1978,553,168,186,565,213,250,495,65,122
OB36,J11415.71+024117.0,114105.71+024117.0,0.093,0.093329,0.0931383,0.09464935958,,175.2737917,2.688055556,44.77,0.01,none,none,43.80412846,0.0000187213087,43.80412846,0.0000187213087,0.75,0.034,156,67,87,178,74,85,238,33,51,2.376576957,0.07457199085,0.66,0.1297,219,76,106,248,85,127,285,45,37
OB37,J114434.73+070516.5,114434.73+070516.5,0.075,0.074812,0.0749189,0.07608645649,,176.1447083,7.087916667,44.56,0.01,none,none,43.59416795,0.01320834908,43.59416795,0.01320834908,0.62,0.0859,180,128,99,208,137,99,140,44,67,2.146128036,0.1668495562,0.6,0.1572,248,162,139,278,172,150,156,23,81
OB38,J114646.02+371511.7,114646.02+371511.7,0.295,0.294702,0.295368,0.2958333471,,176.69175,37.25325,45.72,0.01,44.71970375,0.00269787736,44.75145411,0.01449000639,44.75145411,0.01449000639,0.67,0.1947,533,103,207,614,131,182,666,16,63,2.823474229,0.02490708584,0.66,0.1917,774,238,284,875,270,248,1298,103,44
OB39,J114755.07+090229.0,114755.07+090229.0,0.069,0.068711,0.0688823,0.06996379041,,176.9794583,9.041388889,44.9,0.01,none,none,43.92917691,0.00001583187901,43.92917691,0.00001583187901,0.74,0.0438,344,98,89,356,100,101,167,17,15,2.222716471,0.04199006446,0.77,0.041,421,74,119,432,86,119,166,14,11
OB40,J120011.27+100135.6,120011.27+100135.6,0.085,0.085258,0.085374,0.0865108082,,180.0469583,10.02655556,44.75,0.01,none,none,43.77990039,0.005354688936,43.77990039,0.005354688936,0.67,0.1491,290,120,113,297,137,139,248,108,89,2.394451681,0.1907509326,0.65,0.1974,427,157,202,456,189,254,782,136,103
OB41,J120114.35-034041.0,120114.35-034041.0,0.02,0.01956,0.0195536,0.02078823583,,180.3097917,-3.678055556,43.46,0.03,none,none,42.49728317,0.02902527265,42.49728317,0.02902527265,0.7,0.1529,58,58,57,66,64,70,133,39,74,2.123851641,0.1714212459,0.67,0.199,81,76,70,90,69,81,208,66,154
OB42,J120332.94+022934.7,120332.94+022934.7,0.077,0.077236,0.0774841,0.07851490082,,180.88725,2.492972222,44.82,0.01,none,none,43.8570205,0.000011812663,43.8570205,0.000011812663,0.69,0.0873,262,86,89,288,96,81,404,15,64,2.606381365,0.04014812587,,,,,,,,,,,
OB43,J120442.11+275411.8,120442.11+275411.8,0.17,0.165009,0.165079,0.1661560746,,181.1754583,27.90327778,45.16,0.01,44.15481534,0.005641222736,44.19214337,0.01417102257,44.19214337,0.01417102257,0.68,0.1512,351,81,121,402,97,114,582,14,8,2.764922985,0.008251837966,0.63,0.1512,508,148,231,571,154,225,589,4,3
OB44,J121044.28+382010.3,121044.28+382010.3,0.023,0.022897,0.0228725,0.02375324303,,182.6845,38.33619444,43.98,0.01,none,none,43.01251988,0.01419165253,43.01251988,0.01419165253,0.69,0.0636,109,57,52,110,60,61,111,13,156,2.045322979,0.2176425928,0.7,0.106,133,62,49,138,64,57,269,160,3
OB45,J12167.09+504930.1,121607.09+504930.1,0.031,0.031038,0.0308833,0.03168550269,,184.0295417,50.82502778,44.86,0.15,none,none,43.89084581,0.1459503119,43.89084581,0.1459503119,0.9,0,58,38,59,61,38,59,80,10,11,1.903089987,0.05697167615,0.85,0.009,84,40,61,92,44,65,296,156,106
OB46,J12510.46+660326.8,125100.46+660326.8,0.282,0.281711,0.281995,0.2821145648,,192.7519167,66.05744444,45.89,0.01,44.91044812,0.001293020641,44.91846069,0.00001082278097,44.91846069,0.00001082278097,0.7,0.079,394,102,121,428,139,179,230,29,26,2.361727836,0.05252195395,0.68,0.1413,414,125,194,443,166,285,585,77,53
OB47,J125719.56+442935.4,125719.56+442935.4,0.3,0.300373,0.300274,0.3012551911,,194.3315,44.49316667,46.02,0.01,45.04976874,0.009076199615,45.05278148,0.00001644777948,45.05278148,0.00001644777948,0.72,0.1656,403,175,165,469,188,209,416,28,50,2.619093331,0.03977709555,,,,,,,,,,,
OB48,J130947.00+081948.2,130947.00+081948.2,0.154,0.153836,0.15434,0.1550290187,,197.4458333,8.330055556,45.74,0.01,44.7953171,0.001072130295,44.77677585,0.008771807534,44.77677585,0.008771807534,0.76,0.179,560,134,150,682,181,190,523,47,18,2.718501689,0.02779515619,0.73,0.1963,663,159,154,748,189,194,1168,23,37
OB49,J13124.71+06417.6,131204.71+064107.6,0.242,0.241827,0.241902,0.2431137227,,198.019625,6.685444444,45.94,0.01,44.97818939,0.001882396393,44.97355534,0.009246307406,44.97355534,0.009246307406,0.71,0.1793,1305,176,185,1409,272,357,1370,237,407,3.136720567,0.09772875897,0.71,0.1923,1312,272,191,1410,319,343,1389,229,341
OB50,J131217.75+351521.1,131217.75+351521.1,0.18,0.182953,0.182914,0.1838749122,,198.0739583,35.25586111,46.03,0.01,45.08493391,0.0009044203983,45.06775873,0.007769716481,45.06775873,0.007769716481,0.65,0.1778,448,98,135,482,127,150,515,136,298,2.711807229,0.1657256678,0.6,0.1987,523,119,122,540,148,144,828,243,49
OB51,J13144.98+153054.2,131404.98+153054.2,0.165,0.164969,0.165185,0.1661070382,,198.52075,15.51505556,45.22,0.01,44.25055253,0.01118058097,44.25688914,0.0000119761808,44.25688914,0.0000119761808,0.62,0.1636,209,73,94,249,86,133,305,33,48,2.484299839,0.05660290068,0.6,0.1952,286,90,126,312,98,154,359,42,61
OB52,J13546.43+232549.4,135406.43+232549.4,0.055,0.055235,0.0551343,0.05607350078,,208.5267917,23.43038889,44.63,0.01,none,none,43.6676857,0.01261214011,43.6676857,0.01261214011,0.78,0.0015,94,62,102,127,72,98,68,5,3,1.832508913,0.02595889963,0.74,0.012,132,68,77,164,77,76,232,6,4
OB53,J135435.69+180517.5,135435.69+180517.5,0.16,0.151473,0.150873,0.1524365373,,208.6487083,18.08819444,45.51,0.02,44.43733486,0.06488859745,44.5483163,0.02063822103,44.5483163,0.02063822103,0.87,0.1086,189,141,161,270,141,198,286,58,85,2.456366033,0.1057195313,0.87,0.1086,222,156,160,294,131,170,397,73,33
OB54,J140018.43+050242.2,140018.43+050242.2,0.034,0.034395,0.0341955,0.03531792735,,210.0767917,5.045055556,44.73,0.1,none,none,43.76834532,0.09957423896,43.76834532,0.09957423896,0.63,0.1636,335,202,207,361,207,209,587,24,171,2.768638101,0.06458040539,0.69,0.3257,449,214,206,465,217,203,591,34,186
OB55,J140621.89+222346.5,140621.89+222346.6,0.1,0.098311,0.0979139,0.09914897906,,211.5912083,22.39625,45.13,0.01,44.17513324,0.001224539407,44.16445585,0.01007298676,44.16445585,0.01007298676,0.73,0.1537,239,119,117,261,143,148,186,26,25,2.269512944,0.06008123632,0.69,0.1537,338,128,130,369,151,157,232,85,22
OB56,J14170.83+44566.4,141700.82+445606.4,0.11,0.113552,0.113552,0.1105479766,,214.2534583,44.93511111,45.04,0.01,44.17262396,0.002168587489,44.07241182,0.0009201200195,44.07241182,0.0009201200195,0.84,0.1464,427,98,93,456,104,99,453,14,189,2.656098202,0.08253525391,0.81,0.1464,505,110,103,529,104,114,641,23,249
OB57,J14204.29+470716.8,142004.29+470716.8,0.07,0.070377,0.0702441,0.07086763166,,215.017875,47.12133333,44.84,0.03,none,none,43.87800693,0.02650227946,43.87800693,0.02650227946,0.62,0.035,84,50,63,97,54,69,315,48,12,2.498310554,0.04401824565,0.63,0.0555,121,54,63,136,60,65,195,23,98
OB58,J142925.07+451831.8,142925.07+451831.8,0.075,0.074538,0.0747703,0.07502635683,,217.3544583,45.30883333,44.56,0.01,none,none,43.59625815,0.00000894265787,43.59625815,0.00000894265787,0.6,0.0656,84,79,86,101,94,104,114,20,11,2.056904851,0.0618910797,,,,,,,,,,,
OB59,J142943.07+474726.2,142943.07+474726.2,0.22,0.220627,0.220621,0.2211447201,,217.4294583,47.79061111,45.58,0.01,44.61579129,0.001081249995,44.60963617,0.01065397209,44.60963617,0.01065397209,0.6,0.1916,269,78,81,316,127,111,515,173,34,2.711807229,0.1027731192,,,,,,,,,,,
OB60,J144431.62+153643.3,144431.62+153643.3,0.05,0.049602,0.0495632,0.05030201919,,221.13175,15.61202778,44.35,0.01,none,none,43.37962447,0.0109651781,43.37962447,0.0109651781,0.6,0.1016,85,84,83,112,100,104,354,57,111,2.549003262,0.09734825179,0.6,0.1973,144,105,97,174,118,108,290,27,37
OB61,J144645.94+40355.8,144645.94+403505.8,0.27,0.267909,0.267346,0.268483463,,221.6914167,40.58494444,46.16,0.01,45.151812,0.00156047699,45.18888614,0.00001468190592,45.18888614,0.00001468190592,0.77,0.1248,427,102,100,477,123,127,598,41,234,2.776701184,0.08713406556,0.77,0.1248,476,112,102,524,120,121,773,190,102
OB62,J14518.76+270926.9,145108.76+270926.9,0.06,0.064495,0.0645064,0.06509068044,,222.7865,27.15747222,45.27,0.01,44.3008158,0.001541305225,44.29878783,0.00809801076,44.29878783,0.00809801076,0.89,0.0078,246,51,49,272,58,61,306,46,24,2.485721426,0.05177029595,0.88,0.0078,312,54,60,344,66,66,440,118,16
OB63,J14537.93+255433.1,145307.93+255433.1,0.049,0.048474,0.0485414,0.04906275266,,223.2830417,25.90919444,44.24,0.02,none,none,43.27151301,0.01652474932,43.27151301,0.01652474932,0.81,0,93,25,27,103,30,38,135,5,5,2.130333768,0.01609234169,0.76,0.0042,121,26,44,146,39,57,132,69,7
OB64,J15024.10+064516.1,150204.10+064516.1,0.288,0.287665,0.287753,0.2884825279,,225.5170833,6.754472222,45.9,0.01,44.9336357,0.001082736112,44.93157754,0.01093651132,44.93157754,0.01093651132,0.71,0.0793,352,79,79,385,99,93,371,71,80,2.56937391,0.08852764358,0.67,0.1563,395,88,84,424,121,120,420,101,76
OB65,J150556.56+034226.3,150556.56+034226.3,0.036,0.035884,0.0359032,0.03653498594,,226.4856667,3.707305556,44.58,0.01,none,none,43.6181992,0.00003057507825,43.6181992,0.00003057507825,0.81,0.0129,160,62,57,169,60,63,188,27,12,2.274157849,0.04710205982,0.8,0.0105,218,71,111,225,77,119,200,13,21
OB66,J150853.95-001149.0,150853.95-001149.0,0.054,0.054274,0.054207,0.05493439137,,227.2247917,-0.1969444444,44.3,0.02,none,none,43.33562247,0.02477241187,43.33562247,0.02477241187,0.77,0.007,66,67,43,72,71,44,71,5,6,1.851258349,0.03347339482,0.76,0.0218,63,61,58,78,78,60,80,7,33
OB67,J152416.66+045119.0,152416.66+045119.0,0.036,0.03557,0.0356736,0.03612835829,,231.0694167,4.855277778,44.03,0.02,none,none,43.06226721,0.01833425815,43.06226721,0.01833425815,,,,,,,,,,,,,,0.74,0.0179,88,83,84,,,,,,
OB68,J15297.46+56166.7,152907.46+561606.7,0.1,0.099678,0.0997804,0.0998654469,,232.2810833,56.26852778,44.87,0.01,43.91953715,0.002815915275,43.89884077,0.01139114146,43.89884077,0.01139114146,0.67,0.0969,495,98,98,520,117,96,269,136,14,2.42975228,0.1639673973,0.73,0.0842,590,98,125,603,109,147,489,17,33
OB69,J153118.08+072727.9,153118.08+072727.9,0.034,0.03408,0.0337547,0.03459317232,,232.8253333,7.45775,44.31,0.01,none,none,43.34278652,0.006914618574,43.34278652,0.006914618574,0.61,0.0199,68,33,31,73,35,36,130,5,4,2.113943352,0.01509739268,0.54,0.0454,87,47,51,,,,,,
OB70,J153552.40+57549.5,153552.40+575409.5,0.03,0.030227,0.0303963,0.030369221,,233.9683333,57.90263889,44.56,0,none,none,43.59212272,0.00003641146961,43.59212272,0.00003641146961,0.62,0.1652,645,197,468,697,207,457,921,10,7,2.96425963,0.004014799623,0.68,0.1951,704,121,376,751,149,378,919,16,7
OB71,J154327.03+075442.1,154327.03+075442.1,0.037,0.036574,0.0367731,0.03702549982,,235.862625,7.911694444,43.65,0.06,none,none,42.68492022,0.05717605837,42.68492022,0.05717605837,0.63,0.1284,141,72,53,148,67,52,170,18,21,2.230448921,0.04959488965,0.64,0.1973,190,149,139,192,142,142,183,27,31
OB72,J154351.50+363136.8,154351.50+363136.8,0.067,0.067257,0.0672341,0.06755536526,,235.9645833,36.52688889,44.36,0.01,none,none,43.38868573,0.00237758062,43.38868573,0.00237758062,0.62,0.0179,81,52,47,115,60,64,96,4,5,1.982271233,0.02026677322,0.6,0.0513,126,54,59,156,62,78,230,8,72
OB73,J15457.52+170951.0,154507.52+170951.0,0.048,0.048325,0.0481251,0.04873174149,,236.2813333,17.16416667,43.69,0.04,none,none,42.72236866,0.03590007994,42.72236866,0.03590007994,0.68,0.0087,107,61,43,118,48,55,100,14,23,2,0.0777033301,0.68,0.01,128,48,64,134,46,81,126,25,21
OB74,J155642.84+294847.5,155642.84+294847.5,0.085,0.084248,0.0851607,0.08453822722,,239.1785,29.81319444,44.84,0.02,none,none,43.87075028,0.01747557226,43.87075028,0.01747557226,0.61,0.0493,98,61,53,106,67,57,90,3,3,1.954242509,0.01448184797,,,,,,,,,,,
OB75,J15599.63+350147.5,155909.63+350147.5,0.031,0.031503,0.0310831,0.03173696868,,239.790125,35.02986111,44.37,0.01,none,none,43.40609711,0.00001301241599,43.40609711,0.00001301241599,0.62,0.0241,47,20,43,55,21,67,251,149,86,2.399673721,0.2595148646,0.6,0.1256,45,22,30,,,,,,
OB76,J16131.63+371714.9,161301.63+371714.9,0.07,0.069494,0.0695118,0.06966153499,,243.2567917,37.28747222,44.63,0.01,none,none,43.66615008,0.00002482391732,43.66615008,0.00002482391732,0.87,0.0031,81,39,41,110,45,38,244,16,14,2.387389826,0.02684242948,0.88,0.0033,119,60,55,160,66,53,243,16,17
OB77,J161532.25-002730.4,161532.25-002730.4,0.146,0.146472,0.14627,0.1468144607,,243.884375,-0.4584444444,45.32,0.01,44.36593026,0.00743232103,44.35762485,0.00001211548812,44.35762485,0.00001211548812,0.8,0.0252,238,57,62,266,65,66,278,26,80,2.444044796,0.07624124293,0.8,0.0426,278,67,69,304,72,70,455,79,28
OB78,J161723.67+085414.8,161723.67+085414.8,0.206,0.206697,0.206398,0.2070123289,,244.348625,8.904111111,45.52,0.01,44.55009365,0.001367190735,44.55767527,0.01173579902,44.55767527,0.01173579902,0.6,0.136,749,89,78,743,95,87,566,132,95,2.752816431,0.09135586499,0.6,0.1788,807,123,84,795,160,118,823,186,78
OB79,J16267.25+335915.3,162607.25+335915.3,0.205,0.204809,0.204607,0.2049506029,,246.5302083,33.98758333,45.8,0.01,44.8422206,0.002044124003,44.83080698,0.00001795767639,44.83080698,0.00001795767639,0.75,0.0853,245,68,83,269,62,110,231,8,9,2.36361198,0.01595318933,0.76,0.1,268,70,94,301,75,116,239,9,101
OB80,J16480.82+295657.4,164800.82+295657.4,0.106,0.10575,0.105886,0.1057890519,,252.0034167,29.94927778,44.89,0.01,43.93224915,0.001553917426,43.91938418,0.000007279468457,43.91938418,0.000007279468457,0.72,0.031,126,39,69,165,68,93,218,12,15,2.338456494,0.02674435033,0.58,0.0689,236,78,67,257,78,68,218,7,98
OB81,J222435.29-00113.8,222435.29-001103.8,0.058,0.057946,0.0580807,0.05667989034,,336.1470417,-0.1843888889,44.36,0.01,none,none,43.39716925,0.01047738922,43.39716925,0.01047738922,0.78,0.1261,324,119,128,336,129,130,650,17,16,2.812913357,0.01103525958,0.78,0.1737,344,159,158,360,167,156,677,24,87
OB82,J22367.68+134355.4,223607.68+134355.4,0.32,0.325709,0.325817,0.3241060555,,339.032,13.73205556,46.17,0.01,45.18703773,0.006311423233,45.20152812,0.0000134424094,45.20152812,0.0000134424094,0.68,0.1586,424,177,123,498,216,207,511,99,94,2.7084209,0.08342907931,0.6,0.1936,473,162,132,526,184,258,505,104,101
OB83,J235156.13-010913.4,235156.13-010913.4,0.174,0.17382,0.173887,0.1724101412,,357.983875,-1.153722222,45.75,0.01,44.7680871,0.02143647917,44.78125661,0.0001006968883,44.78125661,0.0001006968883,0.88,0.1587,866,100,119,874,101,117,925,144,15,2.966141733,0.04023840986,0.88,0.1775,1005,112,125,1010,113,136,936,34,28
5871,J000535.23+000021.6,000535.23+000021.4,0.736,0.736,0.736199975,0.7339349811,,1.396791667,0.006,45.28,0.01,44.56355094,0.0118380234,,,44.56355094,0.0118380234,0.78,0.1716,594,267,204,707,353,291,985,188,179,2.99343623,0.08224732946,,,,,,,,,,,
2401,J000654.10-001533.5,000654.10-001533.4,1.725,1.725,1.724400043,1.721764945,,1.725416667,-0.2593055556,47,0.01,46.28301668,0.006181938829,,,46.28301668,0.006181938829,,,,,,,,,,,,,,0.83,0.076,2571,233,287,2500,511,464,1510,653,1072
9836,J001735.69-011325.0,001735.69-011325.0,0.805,0.80547,0.8050000072,0.8033584119,,4.398708333,-1.223611111,45.88,0,45.17359167,0.005330384783,,,45.17359167,0.005330384783,0.87,0.0829,437,178,162,585,259,208,795,243,200,2.900367129,0.1279420015,0.75,0.1909,782,453,290,914,424,354,971,231,252
16898,J00122.78+00422.9,001202.77+004202.8,0.548,0.548,0.5476999879,0.5461690857,,3.011583333,0.7008055556,45.26,0.02,44.29229986,0.02272289723,,,44.29229986,0.02272289723,0.87,0.0813,401,102,75,511,171,405,410,128,192,2.612783857,0.1646736915,0.82,0.1406,679,250,280,732,255,351,669,269,307
18562,J00079.94+001854.4,000709.92+001854.2,1.431,1.431,1.439100027,1.42811118,,1.791416667,0.3151111111,46.67,0.01,45.95658549,0.005525586485,,,45.95658549,0.005525586485,0.7,0.1946,2515,460,417,2672,371,360,2622,306,166,3.418632687,0.04027710719,,,,,,,,,,,
18792,J001927.17+003539.1,001927.17+003539.0,1.289,1.292172,1.288200021,1.28948642,,4.863208333,0.5941944444,46.28,0.01,45.56997338,0.005627482054,,,45.56997338,0.005627482054,0.82,0.1557,1941,239,352,2024,356,385,1378,194,289,3.139249218,0.07429194872,0.81,0.145,2041,282,392,2162,346,497,1262,127,536
22275,J000054.02+00553.0,000054.02+005503.0,1.181,1.185256,1.181900024,1.182639582,,0.2250833333,0.9175,45.96,0,45.25065246,0.005404437644,,,45.25065246,0.005404437644,0.75,0.1575,1228,95,116,1222,121,177,1240,169,294,3.093421685,0.07801794439,0.79,0.141,1086,320,266,,,,,,
23343,J000111.21-002011.4,000111.19-002011.5,0.518,0.518,0.5178999901,0.5161877277,,0.2967083333,-0.3365,45.67,0.01,44.69915799,0.007161706942,,,44.69915799,0.007161706942,0.86,0.0263,461,103,220,477,113,237,384,32,82,2.584331224,0.06092162661,0.83,0.0744,549,154,374,561,154,372,456,75,47
23705,J001347.62-00257.0,001347.60-002507.0,1.119,1.119,1.119699955,1.116504972,,3.448416667,-0.4186111111,46.3,0.01,45.58438638,0.007468655185,,,45.58438638,0.007468655185,0.88,0.163,1247,134,210,1371,185,287,1382,284,272,3.140508043,0.08896658255,0.87,0.1741,1539,202,209,1597,202,236,1643,351,252
24646,J000011.95+000225.4,000011.96+000225.3,0.479,0.479,0.4788999856,0.4772311609,,0.04979166667,0.04038888889,45.85,0,44.88584066,0.00440848848,,,44.88584066,0.00440848848,0.91,0.0688,475,74,71,537,75,67,508,42,52,2.705863712,0.03990105516,0.93,0.0026,578,73,73,616,69,69,600,64,79
25819,J001252.66-00026.0,001252.64-000206.0,0.569,0.569,0.5691000223,0.5671489275,,3.219416667,-0.035,45.26,0.01,44.29694401,0.01069545828,,,44.29694401,0.01069545828,0.92,0.0076,237,101,108,251,133,137,355,137,241,2.550228353,0.2183948831,0.91,0.0061,360,106,120,380,129,323,474,169,282
30279,J000754.86-00403.7,000754.85-004003.6,0.573,0.573,0.5727999806,0.5711363889,,1.978583333,-0.6676944444,45.25,0.02,44.28278306,0.01757030945,,,44.28278306,0.01757030945,,,,,,,,,,,,,#NUM!,0.82,0.108,487,127,166,,,,,,
30691,J001738.76-003117.0,001738.77-003116.9,0.854,0.853625,0.8532000184,0.8514534502,,4.4115,-0.5213888889,46.09,0.01,45.37980354,0.008604532099,,,45.37980354,0.008604532099,0.89,0.1801,1042,392,386,1091,407,384,1166,282,179,3.06669855,0.09113500966,0.91,0.063,1201,650,880,1193,629,818,424,118,136
32374,J00102.98-01017.3,001002.96-010107.2,0.554,0.554,0.5548999906,0.5521648508,,2.512416667,-1.018694444,45.86,0,44.89767775,0.002038923358,,,44.89767775,0.002038923358,,,,,,,,,,,,,#NUM!,0.84,0.0442,614,267,156,683,284,137,801,42,60
36047,J00085.40-00101.9,000805.40-001001.7,0.734,0.734,0.7333999872,0.7319436542,,2.0225,-0.1671944444,46.03,0,45.31695196,0.003479518062,,,45.31695196,0.003479518062,0.93,0,436,75,76,500,83,148,580,114,43,2.763427994,0.06305106498,0.82,0.1842,864,164,160,910,162,190,720,30,73
39631,J001010.03+005126.6,001010.03+005126.6,0.387,0.387274,0.3871000111,0.3856291255,,2.541791667,0.8573888889,45.24,0.01,44.27756288,0.01136368198,,,44.27756288,0.01136368198,0.8,0.0637,183,112,162,188,130,188,172,89,85,2.235528447,0.2454275155,0.68,0.1439,387,183,195,385,185,206,216,64,67
41684,J001030.55+01006.1,001030.55+010006.0,0.378,0.377871,0.3779000044,0.3762374596,,2.627291667,1.001694444,45.81,0.01,44.84356002,0.01006438795,,,44.84356002,0.01006438795,0.87,0.175,247,101,156,279,167,189,514,235,68,2.710963119,0.1596593907,,,,,,,,,,,
47417,J00154.34-005439.2,001504.34-005439.1,0.65,0.648577,0.6495000124,0.6466412093,,3.768083333,-0.9108888889,45.94,0.01,44.97358817,0.009459220983,,,44.97358817,0.009459220983,0.83,0.1864,1118,200,171,1180,248,190,1380,311,147,3.139879086,0.07743066592,0.85,0.062,1193,260,187,1241,290,180,1419,72,112
51980,J001317.47-000636.0,001317.46-000635.8,0.681,0.681,0.6812000275,0.6790181025,,3.322791667,-0.11,45.56,0.02,44.59501486,0.01819551496,,,44.59501486,0.01819551496,0.83,0.1708,418,152,231,518,261,312,532,264,245,2.725911632,0.2311431124,0.77,0.1991,654,259,198,722,321,222,689,148,214
52721,J001815.77+001632.5,001815.77+001632.4,0.576,0.576,0.575600028,0.5741518505,,4.565708333,0.2756944444,44.96,0.03,43.99445988,0.03321852435,,,43.99445988,0.03321852435,0.83,0.1415,324,165,173,337,173,188,197,80,83,2.294466226,0.1894860848,0.81,0.1459,477,264,179,497,271,201,277,120,172
56423,J000553.71-010117.8,000553.71-010117.7,0.632,0.632,0.6330999732,0.6300639801,,1.473791667,-1.021611111,45.2,0.04,44.23784152,0.03452971188,,,44.23784152,0.03452971188,0.74,0.1465,499,88,116,533,138,155,503,178,159,2.701567985,0.1544873142,,,,,,,,,,,
82552,J000435.76-011318.5,000435.75-011318.6,0.507,0.507,0.5073000193,0.5052107591,,1.149,-1.221805556,45.54,0.03,44.56923501,0.02661192022,,,44.56923501,0.02661192022,0.98,0.1421,450,64,100,527,94,192,628,93,115,2.797959644,0.07131751587,0.66,0.1996,706,155,189,806,187,373,1160,99,125
82616,J00068.04-01070.8,000608.04-010700.7,0.949,0.948886,0.9485999942,0.9465751981,,1.5335,-1.116888889,46.2,0,45.4881063,0.004133867089,,,45.4881063,0.004133867089,0.89,0.0545,1245,183,267,1696,483,769,1301,181,232,3.114277297,0.06816206609,,,,,,,,,,,
91788,J000943.37+010459.9,000943.37+010459.8,0.456,0.456,0.4557000101,0.4542720329,,2.430708333,1.083305556,45.3,0.01,44.33332771,0.007100008195,,,44.33332771,0.007100008195,0.97,0.0275,275,93,92,284,126,116,288,181,170,2.459392488,0.3157408502,0.95,0.0112,362,86,70,364,103,94,388,244,267
93235,J001047.47+00190.5,001047.46+001900.3,0.748,0.748,0.747699976,0.7459311441,,2.697791667,0.3168055556,46,0.01,45.28892302,0.005906086804,,,45.28892302,0.005906086804,0.85,0.1649,579,142,190,676,209,203,993,151,124,2.996949248,0.06137054081,0.88,0.0889,809,105,152,857,147,184,1022,45,50
104193,J00163.34-011514.4,001603.34-011514.2,1.416,1.416,1.407899976,1.413169039,,4.013916667,-1.254,46.18,0,45.47213251,0.0049973007,,,45.47213251,0.0049973007,0.92,0.1092,1139,222,282,1327,344,420,1243,228,166,3.094471129,0.07122247543,0.92,0.0935,1448,201,190,1508,210,197,1707,183,74
125388,J000451.86-00123.6,000451.86-001203.7,1.028,1.028,1.027400017,1.025586938,,1.216083333,-0.201,46.06,0.01,45.34911848,0.01018509282,,,45.34911848,0.01018509282,0.86,0.0702,835,131,254,907,163,323,1060,263,133,3.025305865,0.08759106114,0.72,0.175,770,148,187,804,135,252,1151,67,74
130457,J00124.63-004113.6,001204.63-004113.7,1.334,1.323477,1.332399964,1.320737347,,3.019291667,-0.6871111111,46.29,0.01,45.57618573,0.007725265333,,,45.57618573,0.007725265333,0.88,0.0012,1453,77,182,1550,204,478,1436,78,111,3.15715444,0.02829527188,0.7,0.2,1638,81,86,1653,104,102,1714,154,186
131901,J001545.36+000822.6,001545.36+000822.6,0.371,0.371024,0.3709999919,0.3694115481,,3.939,0.1396111111,45.36,0,44.38883014,0.00316794978,,,44.38883014,0.00316794978,,,,,,,,,,,,,#NUM!,0.79,0.1993,1237,327,286,1454,315,245,1755,215,171
138442,J004227.48+001416.4,004227.47+001416.3,0.606,0.606,0.605799973,0.6041864386,,10.6145,0.2378888889,45.66,0,44.69769911,0.005257806485,,,44.69769911,0.005257806485,0.92,0.0869,289,60,54,341,94,96,378,82,96,2.5774918,0.1022433153,0.83,0.1614,481,128,150,538,151,187,901,84,90
175731,J005717.64+005158.3,005717.63+005158.1,1.033,1.033,1.031900048,1.030767908,,14.3235,0.8661944444,45.7,0.01,44.99279262,0.01020364151,,,44.99279262,0.01020364151,0.88,0.0898,1046,108,123,1083,138,151,1191,207,240,3.075911761,0.08132226766,0.69,0.1988,912,260,340,971,291,358,1222,120,155
176421,J005840.03-004845.7,005840.03-004845.7,0.809,0.8089,0.8087000251,0.8069277345,,14.66679167,-0.8126944444,45.57,0.01,44.85839967,0.0140330331,,,44.85839967,0.0140330331,0.73,0.1881,305,137,177,335,208,283,485,198,243,2.685741739,0.2021247413,0.71,0.1974,569,217,427,630,308,494,557,228,260
176560,J005413.18-001138.4,005413.17-001138.4,0.782,0.782,0.7818999887,0.7800353818,,13.55491667,-0.194,45.93,0,45.22089116,0.002073587597,,,45.22089116,0.002073587597,0.81,0.1828,1179,242,164,1242,283,218,1211,200,55,3.083144143,0.04884127505,0.71,0.149,1172,244,439,1277,283,499,1205,121,43
177139,J005155.08-003114.9,005155.06-003115.0,1.326,1.326,1.33010006,1.32342549,,12.9795,-0.5208055556,46.12,0.01,45.4077764,0.006541839368,,,45.4077764,0.006541839368,0.95,0.0644,544,122,106,618,149,125,875,131,114,2.942008053,0.06181167803,0.92,0.0641,724,157,131,784,171,158,984,96,101
179173,J005930.07+011124.4,005930.06+011124.4,1.03,1.03,1.031200051,1.027780435,,14.87529167,1.190111111,46.23,0.01,45.51508834,0.00809338334,,,45.51508834,0.00809338334,0.84,0.0861,1041,196,166,1101,199,204,1065,143,108,3.027349608,0.05228354553,0.83,0.198,1351,185,181,1399,218,225,1590,107,71
187789,J004150.66+000728.2,004150.65+000728.1,0.456,0.456,0.4557999969,0.4543544132,,10.46108333,0.1245,45.42,0.01,44.45737614,0.01050247293,,,44.45737614,0.01050247293,0.85,0.037,289,94,85,308,103,134,333,118,75,2.522444234,0.1391108516,0.69,0.1632,313,134,180,316,147,196,754,145,140
189445,J00595.52+000651.8,005905.51+000651.6,0.719,0.719,0.7189000249,0.7171231835,,14.773,0.1143888889,46.4,0,45.68906401,0.002859403916,,,45.68906401,0.002859403916,0.83,0.0318,622,151,96,640,128,118,696,25,31,2.84260924,0.01740594535,0.74,0.072,625,101,79,634,86,75,704,24,24
201270,J00548.98-00199.5,005408.97-001909.5,0.939,0.938541,0.9391999841,0.9364041377,,13.53741667,-0.3193055556,46.16,0,45.44990647,0.002505868218,,,45.44990647,0.002505868218,0.92,0.1771,1284,220,226,1363,285,342,1243,411,348,3.094471129,0.1407734267,0.72,0.199,1083,295,284,1131,311,276,844,168,86
209339,J00564.80+005126.6,005604.80+005126.5,0.694,0.69331,0.6941999793,0.6914460554,,14.02,0.8573888889,45.68,0.02,44.71839907,0.02428591037,,,44.71839907,0.02428591037,0.86,0.0448,185,125,96,205,155,116,363,162,141,2.559906625,0.1996172395,0.7,0.139,257,166,160,281,175,180,298,77,54
213538,J004956.86+00302.5,004956.84+003002.4,0.97,0.97,0.9685999751,0.967805615,,12.48691667,0.5006944444,46.08,0,45.37216157,0.001958927156,,,45.37216157,0.001958927156,0.91,0.1982,688,296,202,747,332,229,829,231,179,2.918554531,0.1133796741,,,,,,,,,,,
214484,J004336.00+010637.1,004336.00+010636.9,0.998,0.998,0.9995999932,0.9957443686,,10.9,1.110305556,45.9,0.02,45.18447163,0.02036187184,,,45.18447163,0.02036187184,0.81,0.1817,364,365,197,657,264,230,786,178,206,2.895422546,0.1063040464,0.75,0.1892,571,227,223,717,300,242,932,248,255
221975,J005121.26+004521.6,005121.26+004521.6,0.726,0.72638,0.7264000177,0.7244613464,,12.83858333,0.756,46.09,0,45.37450314,0.001336396689,,,45.37450314,0.001336396689,,,,,,,,,,,,#NUM!,#NUM!,0.64,0.158,844,244,275,844,253,303,703,188,350
223800,J005946.66+000255.0,005946.66+000255.0,0.682,0.681799,0.6819000244,0.6799658673,,14.94441667,0.04861111111,45.63,0.03,44.66364741,0.03441163557,,,44.66364741,0.03441163557,0.75,0.0942,271,134,189,302,200,249,264,151,210,2.421603927,0.3113499491,,,,,,,,,,,
230106,J004839.48-010029.2,004839.48-010029.3,0.364,0.364,0.3646000028,0.3624822897,,12.1645,-1.008111111,45.12,0.01,44.1501706,0.007313547162,,,44.1501706,0.007313547162,0.89,0.0688,445,131,237,491,158,264,445,95,75,2.648360011,0.08596764964,0.85,0.0851,444,136,294,455,138,310,383,91,144
237094,J005225.22-00374.8,005225.22-003704.7,1.402,1.401635,1.40170002,1.398980154,,13.10508333,-0.618,46.72,0,46.00681663,0.001242394124,,,46.00681663,0.001242394124,0.84,0.1564,1688,258,405,1883,520,432,2353,326,493,3.371621927,0.07369057353,0.84,0.097,1388,169,235,1409,210,255,1276,131,268
249227,J004843.70-011125.4,004843.69-011125.3,0.672,0.672,0.6722000241,0.6701407433,,12.18208333,-1.190388889,45.41,0.08,44.44429856,0.08074972737,,,44.44429856,0.08074972737,0.91,0.0052,284,132,121,336,183,180,410,140,135,2.612783857,0.1525163691,0.85,0.0299,314,168,249,361,185,333,361,62,117
260132,J005645.70+004154.2,005645.69+004154.1,0.818,0.818,0.8177000284,0.816002389,,14.19041667,0.6983888889,45.93,0,45.21731877,0.005260721731,,,45.21731877,0.005260721731,0.79,0.1969,957,304,239,1068,318,568,1094,253,275,3.039017322,0.1058037262,0.71,0.198,689,191,240,722,252,323,964,80,78
266265,J00598.86-00162.6,005908.85-001602.6,1.103,1.103,1.107300043,1.100706317,,14.78691667,-0.2673888889,45.82,0.01,45.10567173,0.008195428958,,,45.10567173,0.008195428958,0.89,0.1531,905,136,158,1003,225,331,1571,169,140,3.196176185,0.04325099796,0.92,0.0814,926,192,264,965,237,342,1554,231,189
268770,J004616.68+000249.2,004616.68+000249.1,0.453,0.453,0.4528999925,0.4513715521,,11.5695,0.047,44.96,0.01,43.9885113,0.01411196129,,,43.9885113,0.01411196129,,,,,,,,,,,,#NUM!,#NUM!,0.84,0.1343,413,137,148,443,171,184,469,118,127
272768,J005717.88+003243.1,005717.88+003242.9,0.492,0.492,0.4914999902,0.4903630334,,14.3245,0.5453055556,45.66,0.02,44.69789468,0.01657043666,,,44.69789468,0.01657043666,0.92,0.0234,302,154,83,359,194,108,423,140,101,2.626340367,0.1337724257,,,,,,,,,,,
273239,J00494.68+001137.0,004904.69+001137.0,0.675,0.673954,0.674399972,0.6720874451,,12.2695,0.1936111111,45.84,0.01,44.87218815,0.008259473269,,,44.87218815,0.008259473269,0.85,0.1464,390,124,95,487,121,97,599,119,69,2.777426822,0.07176761255,0.9,0.0666,574,114,102,617,112,105,651,100,101
274273,J232820.38+002238.3,232820.38+002238.1,1.3,1.3,1.301499963,1.297192158,,352.0849167,0.3773055556,46.79,0,46.07585378,0.001800140089,,,46.07585378,0.001800140089,0.9,0.0853,1618,361,189,1690,335,280,1905,36,53,3.27989498,0.01010169304,0.79,0.194,1513,269,234,1533,435,283,1856,307,196
281956,J232623.74-010731.1,232623.74-010731.1,0.821,0.820573,0.8210999966,0.8183566429,,351.5989167,-1.125305556,45.7,0.01,44.99169224,0.009234530701,,,44.99169224,0.009234530701,0.72,0.1421,475,153,201,502,204,329,500,150,131,2.698970004,0.1279806574,0.74,0.0424,483,185,236,499,232,337,542,213,242
291004,J233119.80-010632.4,233119.80-010632.3,0.387,0.387,0.3871000111,0.3853141224,,352.8325,-1.109,45.6,0,44.63886488,0.004105111787,,,44.63886488,0.004105111787,0.73,0.077,576,132,205,640,189,268,540,59,107,2.73239376,0.06437960215,0.82,0.062,819,127,97,833,132,110,853,80,181
297119,J23208.95-004617.4,232008.94-004617.3,1.262,1.262,1.257400036,1.259240113,,350.0372917,-0.7715,45.9,0.01,45.18841831,0.009376322798,,,45.18841831,0.009376322798,0.9,0.0562,431,133,160,526,299,340,800,387,256,2.903089987,0.2038569333,0.88,0.0886,709,249,194,756,354,272,991,252,248
297623,J232027.24-011023.9,232027.24-011023.7,0.661,0.661,0.6614999771,0.6589754735,,350.1135,-1.173305556,45.63,0.01,44.65969643,0.01427092039,,,44.65969643,0.01427092039,0.81,0.112,340,184,193,361,227,218,603,208,220,2.780317312,0.1594013698,0.8,0.0753,555,140,152,572,164,176,495,71,103
298430,J233129.83-004933.2,233129.83-004933.3,0.615,0.61457,0.6148999929,0.6126062869,,352.8742917,-0.8258888889,45.77,0,44.79900499,0.002868129284,,,44.79900499,0.002868129284,0.94,0.039,681,122,125,704,133,181,734,67,166,2.86569606,0.06505833776,0.95,0.0443,930,124,147,934,134,134,862,56,53
302703,J233811.06+005442.8,233811.06+005442.6,0.941,0.941,0.9491000175,0.9386375154,,354.5460833,0.9118888889,46.03,0,45.31461145,0.004159212434,,,45.31461145,0.004159212434,,,,,,,,,,,,#NUM!,#NUM!,0.89,0.008,712,181,146,716,205,206,869,166,299
311327,J232335.76-003057.6,232335.75-003057.7,0.565,0.565,0.5651000142,0.5630906626,,350.899,-0.516,45.36,0.02,44.39716823,0.02015506113,,,44.39716823,0.02015506113,,,,,,,,,,,,#NUM!,#NUM!,0.8,0.1425,493,158,305,507,178,311,496,178,172
311417,J233626.78-00083.5,233626.77-000803.5,0.743,0.742444,0.7429999709,0.7403258634,,354.1115833,-0.1343055556,45.98,0,45.27280346,0.002851127529,,,45.27280346,0.002851127529,0.74,0.1324,1003,451,156,1477,431,765,1019,159,211,3.008174184,0.0777033301,0.8,0.0408,946,372,355,1257,325,412,962,96,131
311955,J23250.55-011444.9,232500.55-011445.0,0.934,0.934,0.9343000054,0.9316453967,,351.2522917,-1.245805556,45.72,0.01,45.01247138,0.01123240776,,,45.01247138,0.01123240776,0.95,0.0957,628,165,140,648,178,193,824,156,73,2.915927212,0.06400799028,0.87,0.1013,641,176,176,657,177,192,807,102,65
312584,J233154.67-002217.8,233154.66-002217.6,1.882,1.882,1.881800056,1.878491644,,352.9777917,-0.3716111111,46.7,0.01,45.98746002,0.007635938706,,,45.98746002,0.007635938706,,,,,,,,,,,,#NUM!,#NUM!,0.89,0.06,2381,464,510,2398,660,809,2227,1058,1255
317716,J233149.49+000719.6,233149.48+000719.5,0.367,0.366844,0.3671999872,0.3651782557,,352.9562083,0.1221111111,45.46,0,44.49212897,0.003304503624,,,44.49212897,0.003304503624,0.86,0.0052,197,104,98,217,109,109,285,22,43,2.45484486,0.04795904761,0.88,0.0013,427,96,87,429,97,97,332,57,188
331873,J232253.54+005544.4,232253.53+005544.4,1.065,1.065,1.065400004,1.062472744,,350.7230833,0.929,45.72,0.01,45.01346157,0.01132531191,,,45.01346157,0.01132531191,0.84,0.1337,554,217,363,780,389,506,729,251,181,2.862727528,0.1398067479,0.85,0.1967,925,318,393,1019,386,473,730,147,137
337449,J23293.41+001227.0,232903.41+001226.9,1.211,1.211073,1.207299948,1.208375278,,352.2642083,0.2075,46.17,0,45.45948132,0.004269008191,,,45.45948132,0.004269008191,0.69,0.1539,824,189,252,939,331,467,915,225,199,2.961421094,0.1040180501,0.63,0.1992,483,182,173,501,205,191,622,283,217
358873,J233517.64+01037.6,233517.62+010307.5,0.624,0.62408,0.6237999797,0.6221000251,,353.8235,1.052111111,45.82,0.01,44.85759414,0.006905132089,,,44.85759414,0.006905132089,0.85,0.0519,1202,129,93,1218,175,87,1216,101,95,3.084933575,0.03516391215,0.68,0.183,1487,193,237,1446,161,228,1326,155,232
368570,J233523.52+002853.0,233523.52+002852.9,0.735,0.734668,0.7347000241,0.7325555859,,353.848,0.4813888889,45.39,0.01,44.67857508,0.007020708446,,,44.67857508,0.007020708446,0.83,0.0388,442,110,160,504,191,331,508,214,200,2.705863712,0.1908429636,0.79,0.1814,630,377,426,655,413,424,1051,138,112
369079,J233029.18+003746.6,233029.16+003746.6,0.535,0.535,0.5353999734,0.533126488,,352.6215833,0.6296111111,45.7,0.01,44.72909137,0.007806910084,,,44.72909137,0.007806910084,0.89,0.0375,270,70,75,292,102,91,335,120,126,2.525044807,0.1656312327,0.9,0.0359,396,85,81,412,97,97,428,169,203
372907,J232231.61-001523.0,232231.61-001522.9,0.796,0.794872,0.795599997,0.7926804327,,350.6317083,-0.2563888889,45.86,0.01,45.1445863,0.006366496977,,,45.1445863,0.006366496977,,,,,,,,,,,,#NUM!,#NUM!,0.75,0.197,2076,267,196,2074,290,183,514,53,78
377811,J233741.30+001743.8,233741.31+001743.7,0.762,0.762,0.7617999911,0.7598574319,,354.4220833,0.2955,45.42,0.01,44.70658761,0.007395306971,,,44.70658761,0.007395306971,0.97,0.1591,1068,189,186,1050,267,249,1059,92,127,3.02489596,0.04432910747,0.87,0.0572,852,274,306,857,283,307,448,231,334
388504,J232649.82-002345.2,232649.81-002345.2,1.171,1.171,1.172099948,1.168352801,,351.7075833,-0.3958888889,46.29,0,45.57832825,0.004496700879,,,45.57832825,0.004496700879,0.91,0.144,1140,212,155,1171,228,314,1180,210,181,3.071882007,0.07354319547,0.86,0.1535,1072,218,224,1145,249,286,1351,238,110
392158,J232640.01-003041.4,232640.01-003041.4,0.582,0.581915,0.5816000104,0.579986515,,351.6667083,-0.5115,45.64,0.01,44.671904,0.01281650833,,,44.671904,0.01281650833,0.82,0.0879,250,109,81,260,180,154,305,203,179,2.484299839,0.3381225949,,,,,,,,,,,
401955,J233527.70-001339.4,233527.69-001339.3,0.907,0.907,0.9071000218,0.9046812468,,353.8654167,-0.2276111111,46.37,0,45.65738646,0.00282187029,,,45.65738646,0.00282187029,0.8,0.1416,1361,402,268,1494,410,255,1663,108,153,3.220892249,0.03369272541,0.84,0.14,1544,345,306,1597,347,299,1498,36,46
404473,J232723.69-000243.1,232723.69-000243.1,1.228,1.236851,1.227599978,1.234121856,,351.8487083,-0.04530555556,45.72,0.01,45.00579814,0.01006655511,,,45.00579814,0.01006655511,0.86,0.0438,560,141,158,576,205,229,786,274,274,2.895422546,0.1580179521,0.77,0.1905,565,281,320,619,364,490,652,306,404
410232,J233317.38-00233.5,233317.38-002303.4,0.513,0.513019,0.5128999949,0.5111782123,,353.3224167,-0.3843055556,45.28,0.02,44.31279478,0.01779859442,,,44.31279478,0.01779859442,0.9,0.1167,421,109,144,431,140,181,610,438,542,2.785329835,0.4129620161,0.87,0.103,553,149,145,555,181,158,556,416,478
411219,J233517.83-004927.1,233517.82-004927.0,0.67,0.67,0.6704000235,0.6679720494,,353.8242917,-0.8241944444,45.49,0.02,44.52534549,0.02437393643,,,44.52534549,0.02437393643,0.93,0.1342,412,284,286,432,414,386,561,328,481,2.748962861,0.325255899,,,,,,,,,,,
419768,J230946.15+000049.0,230946.14+000048.8,0.352,0.352,0.3517000079,0.3503464653,,347.4422917,0.01361111111,45.36,0,44.39550141,0.004924512134,,,44.39550141,0.004924512134,0.79,0.1887,365,154,132,490,219,293,382,8,19,2.582063363,0.01513638521,0.78,0.1467,486,236,273,501,235,277,563,183,165
434469,J230222.25-00223.0,230222.23-002203.0,0.614,0.614,0.6140000224,0.6120292515,,345.5927083,-0.3675,45.49,0.02,44.5278246,0.01512512524,,,44.5278246,0.01512512524,0.74,0.1676,414,255,181,509,265,222,554,217,217,2.743509765,0.1797122386,0.82,0.0857,409,351,280,466,463,389,548,218,280
463590,J231747.78+000615.8,231747.77+000615.8,0.84,0.838707,0.8396000266,0.8364584706,,349.4490833,0.1043888889,45.57,0.01,44.8572976,0.01327516103,,,44.8572976,0.01327516103,,,,,,,,,,,,#NUM!,#NUM!,0.9,0.012,1400,94,106,1409,114,126,1330,115,121
489049,J231742.70+011425.1,231742.68+011425.2,0.518,0.517767,0.5180000067,0.5159068804,,349.4279167,1.240305556,45.32,0.01,44.35086006,0.01088850186,,,44.35086006,0.01088850186,0.97,0.081,194,190,141,262,257,217,532,302,301,2.725911632,0.2794585827,,,,,,,,,,,
513714,J230555.49+005946.3,230555.49+005946.1,0.719,0.719,0.7196000218,0.7168941477,,346.4812083,0.9961944444,46.31,0,45.60056263,0.001845619108,,,45.60056263,0.001845619108,0.93,0.1703,1084,237,219,1120,220,206,1084,26,23,3.035029282,0.00983097659,0.89,0.1645,1158,195,239,1188,186,236,1468,28,40
526053,J230632.06+004611.6,230632.06+004611.7,0.57,0.570595,0.5706999898,0.5686716333,,346.6335833,0.7698888889,45.47,0.02,44.50228476,0.01926872739,,,44.50228476,0.01926872739,0.85,0.1732,346,122,128,393,139,215,280,34,28,2.447158031,0.0488078047,0.91,0.0109,548,129,236,591,144,411,613,63,75
527078,J231535.04+000127.8,231535.04+000127.7,0.589,0.589335,0.5896000266,0.5873913488,,348.896,0.02438888889,45.35,0.02,44.38564709,0.02432708251,,,44.38564709,0.02432708251,0.74,0.0649,328,155,179,360,182,197,411,103,140,2.613841822,0.1263004412,0.69,0.059,640,151,141,649,178,159,586,108,125
538834,J23159.34+001026.4,231509.34+001026.2,0.848,0.848,0.8475999832,0.8457392446,,348.7889167,0.174,46.45,0,45.73913785,0.002118714008,,,45.73913785,0.002118714008,0.91,0.0133,865,186,158,913,250,261,851,186,222,2.92992956,0.1038890383,0.9,0.1072,955,224,142,963,233,167,1062,88,107
551634,J230649.37+01040.8,230649.35+010400.8,1.228,1.228,1.229200006,1.22527,,346.7057083,1.066888889,46.47,0,45.76118,0.002537019998,,,45.76118,0.002537019998,0.97,0.0084,893,200,177,1021,265,138,1054,219,148,3.022840611,0.07910899609,0.86,0.019,1079,255,85,1108,217,126,1059,138,165
558076,J231445.12+000837.0,231445.10+000837.0,1.12,1.12,1.119400024,1.117406593,,348.688,0.1436111111,46.32,0,45.60598898,0.003119253683,,,45.60598898,0.003119253683,0.88,0.1864,633,174,172,774,259,542,829,304,376,2.918554531,0.1804138718,0.85,0.171,1789,417,424,1375,382,407,1157,162,194
562275,J231435.45+010139.0,231435.45+010138.8,0.848,0.848,0.8471000195,0.8457354263,,348.6477083,1.0275,45.51,0.01,44.80190319,0.01072613302,,,44.80190319,0.01072613302,0.87,0.058,261,169,142,320,293,213,347,148,251,2.540329475,0.2389240538,0.88,0.015,670,148,158,735,217,236,814,219,267
563138,J231518.65+003616.9,231518.63+003616.8,0.912,0.912,0.9120000005,0.9096589549,,348.8277083,0.6046944444,45.58,0.01,44.86606612,0.01216898696,,,44.86606612,0.01216898696,0.86,0.0583,475,137,127,488,202,211,606,213,168,2.782472624,0.1471742052,0.75,0.1036,378,161,150,395,227,243,535,258,250
585159,J010955.63+00550.5,010955.62+005500.6,0.5,0.499403,0.5001000166,0.4978039249,,17.48179167,0.9168055556,45.73,0.01,44.76557041,0.006012382925,,,44.76557041,0.006012382925,0.75,0.1236,484,147,201,524,177,210,362,40,27,2.558708571,0.04104686481,0.83,0.0848,537,115,177,550,128,175,345,27,26
604284,J010226.33-00394.7,010226.31-003904.6,0.294,0.294,0.2942999899,0.2926004344,,15.60970833,-0.6513055556,46.08,0,45.11805827,0.001072628419,,,45.11805827,0.001072628419,0.78,0.1707,422,50,49,464,53,72,373,60,137,2.571708832,0.1060129193,,,,,,,,,,,
604678,J011254.91+000313.0,011254.91+000313.0,0.239,0.238312,0.2386000007,0.2370038182,,18.22879167,0.05361111111,45.4,0.01,44.43821736,0.008703996963,,,44.43821736,0.008703996963,0.86,0.0208,208,76,62,256,90,71,226,61,85,2.354108439,0.1376382224,0.89,0.0079,393,77,54,422,72,51,379,39,113
607110,J010244.14-01148.2,010244.13-011408.2,1.048,1.048,1.047299981,1.045789909,,15.68391667,-1.235611111,45.97,0.01,45.26141678,0.006008246632,,,45.26141678,0.006008246632,0.82,0.1026,634,186,176,732,279,298,1008,104,101,3.003460532,0.04438155784,0.78,0.123,757,165,319,888,278,395,1184,178,301
611102,J010231.01+000019.4,010231.00+000019.3,1.085,1.08,1.084900022,1.07774702,,15.62920833,0.005388888889,45.82,0.01,45.10826303,0.009178135928,,,45.10826303,0.009178135928,,,,,,,,,,,,#NUM!,#NUM!,0.85,0.065,1703,207,171,1677,326,303,2190,53,83
621648,J011121.91+011351.6,011121.92+011351.4,0.807,0.807,0.8073999882,0.8050784702,,17.84129167,1.231,45.98,0,45.26283318,0.005135058111,,,45.26283318,0.005135058111,0.74,0.1341,322,165,113,341,192,138,413,183,228,2.615950052,0.2225650968,0.6,0.183,437,205,185,,,,,,
628296,J011712.82-005817.4,011712.81-005817.4,0.486,0.485327,0.485799998,0.483779486,,19.30341667,-0.9715,45.58,0.01,44.61393965,0.01261335777,,,44.61393965,0.01261335777,0.87,0.0516,481,85,133,524,111,144,507,237,160,2.705007959,0.1963810349,0.79,0.0587,660,105,110,683,120,114,760,65,63
644509,J011943.49-010858.6,011943.49-010858.5,0.496,0.496,0.4961000085,0.4944526641,,19.93120833,-1.149611111,44.91,0.03,43.94353787,0.02843246886,,,43.94353787,0.02843246886,0.93,0.1054,568,285,280,554,283,311,445,77,122,2.648360011,0.09386762011,0.94,0.129,592,287,277,621,249,289,553,193,303
645377,J01197.06+01023.5,011907.05+010203.2,0.56,0.56,0.560100019,0.558374887,,19.77941667,1.034305556,45.52,0.01,44.55881798,0.009483867644,,,44.55881798,0.009483867644,0.76,0.066,611,101,147,617,129,168,536,206,241,2.72916479,0.1859535395,0.6,0.096,673,215,244,662,212,259,344,28,74
653726,J011758.85+002021.5,011758.83+002021.4,0.613,0.613,0.6129999757,0.6113172063,,19.49520833,0.3393055556,46.04,0,45.07801381,0.002323724551,,,45.07801381,0.002323724551,,,,,,,,,,,,#NUM!,#NUM!,0.74,0.031,1098,131,165,1109,137,182,1039,69,49
655926,J010954.86-011246.8,010954.86-011246.7,1.459,1.459577,1.458799958,1.456967698,,17.47858333,-1.213,46.6,0,45.88606719,0.004783449,,,45.88606719,0.004783449,0.93,0.0657,1109,204,262,1341,289,339,1296,155,121,3.112605002,0.04704210291,0.87,0.184,1638,202,302,1750,271,291,1684,233,162
663794,J011720.54-010337.8,011720.55-010337.8,1.011,1.009287,1.011100054,1.007194829,,19.33558333,-1.0605,46.02,0,45.30439645,0.004176246354,,,45.30439645,0.004176246354,0.84,0.0645,672,105,162,695,136,233,671,110,112,2.82672252,0.0723994504,0.73,0.183,674,168,152,691,174,179,598,76,72
673636,J010230.02-00326.7,010230.03-003206.8,0.343,0.343,0.3427999914,0.341547206,,15.62508333,-0.5351944444,45.3,0.01,44.33582769,0.009934577194,,,44.33582769,0.009934577194,0.88,0.0301,394,109,121,387,131,153,408,337,397,2.610660163,0.5272687658,0.79,0.0224,381,153,241,382,193,247,453,301,350
674000,J010737.01-001911.6,010737.01-001911.6,0.738,0.737035,0.7375000119,0.7351774136,,16.90420833,-0.3198888889,46.23,0,45.51672038,0.003037134842,,,45.51672038,0.003037134842,0.86,0.0898,533,107,145,558,122,158,468,70,59,2.670245853,0.06096377157,0.82,0.1789,573,168,394,632,218,387,354,111,62
679757,J01160.12-005156.9,011600.11-005156.8,0.814,0.814,0.8137999773,0.8121034263,,19.0005,-0.8658055556,45.7,0.01,44.98635747,0.009443620126,,,44.98635747,0.009443620126,0.94,0.088,469,116,125,535,174,176,587,206,161,2.768638101,0.1464883111,0.87,0.082,722,113,174,760,142,187,614,67,115
680295,J011129.95+003431.4,011129.94+003431.3,1.32,1.32,1.320299983,1.317537289,,17.87479167,0.5753888889,46.4,0,45.68276122,0.002907534933,,,45.68276122,0.002907534933,0.81,0.1579,689,131,133,733,229,208,842,227,209,2.925312091,0.1163638001,0.69,0.172,848,221,162,866,270,214,1049,199,263
680844,J011757.79-010810.0,011757.79-010809.9,0.708,0.706645,0.7074999809,0.704871284,,19.49079167,-1.136111111,45.87,0.01,45.15730263,0.006947371223,,,45.15730263,0.006947371223,0.77,0.0752,380,142,105,405,130,153,440,77,119,2.643452676,0.09375259143,0.78,0.1427,750,386,277,776,373,316,443,76,83
682461,J01120.58-002337.0,011200.57-002336.9,0.746,0.746,0.7468000054,0.7441533189,,18.00241667,-0.3936111111,45.44,0.02,44.72406787,0.01545625964,,,44.72406787,0.01545625964,0.86,0.0563,458,105,91,526,169,156,618,192,148,2.790988475,0.1274095853,0.8,0.1313,551,163,116,585,178,153,622,139,236
683566,J010550.42-001254.7,010550.41-001254.7,1.02,1.02,1.019600034,1.017830043,,16.46008333,-0.2151944444,46.09,0,45.3759656,0.005068946449,,,45.3759656,0.005068946449,0.93,0.0354,627,116,118,676,167,195,730,193,276,2.86332286,0.1363118475,0.78,0.14,703,173,208,869,286,509,697,61,104
693840,J010430.58-011430.1,010430.58-011430.3,1.155,1.155,1.154399991,1.152684035,,16.12741667,-1.241694444,46.67,0,45.95502635,0.00266400007,,,45.95502635,0.00266400007,0.89,0.1662,1392,275,250,1462,303,328,1111,90,111,3.045714059,0.03902273191,0.84,0.131,1581,229,269,1719,369,415,1241,86,118
695858,J010342.74+002537.2,010342.73+002537.2,0.394,0.394,0.393599987,0.3924927345,,15.92808333,0.427,45.95,0,44.98524838,0.002114140152,,,44.98524838,0.002114140152,0.98,0.0255,846,148,173,878,158,180,1279,159,144,3.106870544,0.05199343871,0.97,0.0107,915,280,246,963,302,231,1081,24,22
696154,J010352.46+003739.7,010352.46+003739.7,0.703,0.703741,0.7031999826,0.7018986885,,15.96858333,0.6276944444,46.3,0.02,45.58681795,0.01707103255,,,45.58681795,0.01707103255,0.9,0.1928,809,249,271,850,277,263,903,31,39,2.95568775,0.01676720893,0.83,0.1693,881,285,283,895,283,297,1417,93,215
698463,J011855.75-004032.5,011855.74-004032.3,0.745,0.745,0.7451000214,0.7431888226,,19.73229167,-0.6756944444,46.01,0,45.29833836,0.003228070685,,,45.29833836,0.003228070685,0.88,0.0257,943,274,153,964,333,178,1035,263,200,3.01494035,0.1020248286,,,,,,,,,,,
704093,J010722.80-001858.7,010722.81-001858.8,0.652,0.651664,0.6517000198,0.6498966844,,16.845,-0.3163055556,45.55,0.01,44.58122036,0.01368144471,,,44.58122036,0.01368144471,0.76,0.062,536,278,167,606,295,140,734,77,65,2.86569606,0.04249070488,0.8,0.0646,356,99,137,365,100,182,345,53,52
709142,J010529.62-00114.2,010529.61-001104.0,0.738,0.738,0.7379000187,0.7361313042,,16.37341667,-0.1845,45.23,0.03,44.51820876,0.03060394193,,,44.51820876,0.03060394193,0.87,0.1172,700,251,246,813,368,435,608,241,375,2.783903579,0.2139437268,0.72,0.1715,647,398,421,740,410,431,667,302,471
711946,J011420.95-004049.4,011420.95-004049.3,0.439,0.439,0.4388000071,0.4374882348,,18.58729167,-0.6803888889,45.48,0.01,44.51199835,0.01075737301,,,44.51199835,0.01075737301,0.81,0.1202,324,172,107,406,173,258,531,138,67,2.725094521,0.09115431681,0.61,0.1997,494,238,226,617,257,337,608,53,128
735787,J225050.11-01046.6,225050.10-010406.7,0.776,0.776,0.7756000161,0.7738422271,,342.7087917,-1.0685,45.86,0.01,45.14962247,0.006387054936,,,45.14962247,0.006387054936,0.9,0.0283,499,111,96,525,149,141,530,100,171,2.72427587,0.1061247812,0.88,0.084,709,107,181,735,140,233,667,86,75
761296,J224017.28-011442.7,224011.46-011448.6,0.502,0.502,1.450600028,0.5001855606,,340.072,-1.245194444,45.1,0.02,45.37796489,0.01950005674,,,45.37796489,0.01950005674,,,,,,,,,,,,#NUM!,#NUM!,0.78,0.1977,424,213,346,479,240,465,641,99,148
781539,J224841.35+005326.9,224841.36+005326.7,0.644,0.644,0.6445000172,0.6419959347,,342.1722917,0.8908055556,45.46,0.02,44.49171662,0.02193274483,,,44.49171662,0.02193274483,0.86,0.079,294,100,77,340,100,208,373,101,87,2.571708832,0.1140944638,0.72,0.042,542,135,139,582,140,142,574,56,38
782992,J22412.28-004015.6,224102.28-004015.7,1.055,1.055,1.053799987,1.052512936,,340.2595,-0.671,45.73,0.02,45.01696775,0.02366118676,,,45.01696775,0.02366118676,0.88,0.1,380,125,139,436,193,299,710,433,333,2.851258349,0.2879022697,,,,,,,,,,,
799254,J22413.98-005015.4,224103.97-005015.5,0.621,0.621,0.6208000183,0.6190389284,,340.2665833,-0.8376111111,45.39,0.02,44.42551258,0.02041531398,,,44.42551258,0.02041531398,0.75,0.1204,351,121,142,372,132,154,423,141,80,2.626340367,0.1256594384,0.79,0.0932,403,120,217,432,146,232,358,139,148
812223,J224145.41-000122.8,224145.41-000122.6,0.714,0.714,0.71450001,0.7119217375,,340.4392083,-0.023,45.92,0,45.20619795,0.003130281944,,,45.20619795,0.003130281944,0.75,0.1354,1699,282,339,1847,390,368,466,28,37,2.668385917,0.03004693728,0.73,0.1979,1894,388,306,1900,415,349,505,54,60
828626,J224923.88-002525.7,224923.89-002525.7,0.375,0.374357,0.3749000132,0.3726856557,,342.3495,-0.4238055556,45.29,0.01,44.32786529,0.01407686387,,,44.32786529,0.01407686387,0.89,0.0021,247,63,52,268,62,66,311,89,80,2.492760389,0.1229118915,0.88,0.0036,355,75,132,367,77,169,347,55,78
859318,J225339.10-002447.5,225339.09-002447.4,0.57,0.569854,0.5695999861,0.567941728,,343.4129167,-0.4131944444,45.85,0.01,44.88306848,0.01279257968,,,44.88306848,0.01279257968,0.88,0.0861,430,100,109,476,157,172,602,124,102,2.779596491,0.08407238126,0.89,0.015,778,120,141,862,164,194,1106,58,60
862972,J224431.51+003226.2,224431.51+003226.1,1.398,1.398,1.397600055,1.395084584,,341.1312917,0.5406111111,46.97,0.01,46.2573569,0.006573506039,,,46.2573569,0.006573506039,0.87,0.1745,1892,278,273,2018,232,219,1645,99,136,3.216165902,0.03072721494,0.79,0.195,1598,596,481,1874,529,373,2871,41,64
869885,J22473.00+000026.3,224703.00+000026.4,0.813,0.813,0.8131999969,0.8107954624,,341.7625,0.007305555556,45.97,0.01,45.25748441,0.01199070406,,,45.25748441,0.01199070406,0.82,0.0979,611,141,181,679,184,356,744,141,288,2.871572936,0.1166811926,0.72,0.1948,938,318,309,1017,356,364,1082,219,225
878066,J224925.54-00531.0,224925.54-005301.1,0.55,0.549717,0.5497999787,0.5478344023,,342.3564167,-0.8836111111,45.57,0.01,44.59971231,0.006481571808,,,44.59971231,0.006481571808,0.8,0.1241,1317,201,270,1553,287,479,1282,155,89,3.107888025,0.04255676937,0.83,0.07,1567,276,470,1537,251,319,1348,38,54
885751,J013436.22+002624.4,013436.22+002624.4,0.718,0.718548,0.7178999782,0.716839006,,23.65091667,0.4401111111,46.16,0,45.44497256,0.002929335573,,,45.44497256,0.002929335573,0.97,0.0262,525,113,103,675,126,112,852,103,103,2.930439595,0.05276077694,0.91,0.0495,779,147,114,873,138,215,1167,34,54
894192,J01321.08+002324.7,013201.09+002324.6,0.535,0.535,0.5343999863,0.5334614676,,23.0045,0.3901944444,45.32,0.01,44.3575848,0.009955679374,,,44.3575848,0.009955679374,0.9,0.0042,414,67,87,429,111,172,491,120,111,2.691081492,0.1051112908,0.91,0.0028,371,158,153,388,163,176,417,51,97
905667,J013418.19+001536.7,013418.19+001536.6,0.4,0.401,0.400000006,0.3996061077,,23.57579167,0.2601944444,46.1,0,45.13426609,0.003146274309,,,45.13426609,0.003146274309,0.95,0.1215,762,151,158,879,143,113,759,89,138,2.880241776,0.06335882017,,,,,,,,,,,
910070,J012128.08+003450.5,012128.08+003450.6,0.329,0.329,0.3289000094,0.3276257983,,20.367,0.5806944444,45.22,0.01,44.25430251,0.01103963722,,,44.25430251,0.01103963722,0.94,0,422,127,221,431,125,191,266,85,154,2.424881637,0.1827853578,0.87,0.0809,509,161,278,519,164,270,166,15,28
918809,J012954.50-00332.2,012954.50-003302.3,1.152,1.152,1.151600003,1.149834542,,22.47708333,-0.5506111111,45.76,0.01,45.0536103,0.0118906265,,,45.0536103,0.0118906265,0.86,0.1353,551,127,129,676,222,225,853,161,148,2.930949031,0.08016399151,0.77,0.1943,531,295,268,660,334,315,799,173,184
921817,J013555.90+004016.7,013555.88+004016.8,0.906,0.906,0.9065999985,0.9041114345,,23.98291667,0.6713055556,46.28,0,45.57077253,0.004416448328,,,45.57077253,0.004416448328,0.94,0.1249,1147,124,227,1116,161,135,579,76,79,2.762678564,0.05832895428,0.94,0.1228,1277,196,292,1336,199,288,679,65,67
923471,J01231.80+000323.4,012301.79+000323.3,1.357,1.357,1.35619998,1.354576502,,20.7575,0.0565,46.53,0,45.81687436,0.002735958383,,,45.81687436,0.002735958383,0.89,0.1631,1217,230,235,1460,294,371,1461,260,154,3.164650216,0.06431475963,0.9,0.113,1763,321,288,1844,331,261,1787,258,107
926499,J01327.06-01049.8,013207.05-010409.8,1.023,1.023,1.022899985,1.020980938,,23.02941667,-1.069388889,45.56,0.01,44.84476467,0.01180437636,,,44.84476467,0.01180437636,0.9,0.0915,536,112,156,605,176,260,623,201,188,2.794488047,0.1418542016,0.89,0.0633,647,187,293,708,237,369,602,153,235
930527,J012331.06+011314.9,012331.05+011314.7,1.555,1.555,1.55490005,1.552369389,,20.87941667,1.220805556,46.47,0.01,45.75913189,0.007921814572,,,45.75913189,0.007921814572,0.91,0.0916,2025,174,169,2088,249,344,2243,194,150,3.350829274,0.03370037011,,,,,,,,,,,
940518,J013228.37-004730.8,013228.37-004730.9,0.733,0.731527,0.7325999737,0.7297993465,,23.11820833,-0.7918888889,45.43,0.01,44.72160222,0.01004328878,,,44.72160222,0.01004328878,0.94,0.0341,376,101,115,399,176,164,621,147,182,2.7930916,0.1144686018,0.79,0.102,575,73,75,579,92,115,474,125,161
952559,J012050.95-001833.1,012050.94-001832.9,0.349,0.349,0.3492000103,0.3476058036,,20.21229167,-0.3091944444,45.45,0,44.4807072,0.004767125657,,,44.4807072,0.004767125657,0.91,0.1411,292,65,59,293,69,63,220,63,146,2.342422681,0.1837907165,0.75,0.0759,424,102,111,428,108,120,325,145,65
953741,J013728.37-001727.2,013728.36-001727.3,0.62,0.62,0.6201999784,0.618406648,,24.36820833,-0.2908888889,45.31,0.03,44.34477104,0.0258736174,,,44.34477104,0.0258736174,0.78,0.1191,342,119,91,335,156,127,382,236,258,2.582063363,0.3209135591,0.68,0.1882,603,158,269,607,182,308,771,168,113
960450,J012240.13-003239.8,012240.12-003239.7,0.883,0.883,0.882799983,0.8810649379,,20.66720833,-0.5443888889,46.31,0,45.59627189,0.003109689769,,,45.59627189,0.003109689769,0.98,0.0023,742,134,100,880,114,116,989,73,104,2.995196292,0.03836234414,0.96,0.0484,894,231,154,1023,169,171,1770,55,68
962398,J01239.05+00335.4,012309.04+003305.4,0.771,0.771,0.7710999846,0.7691774596,,20.78770833,0.5515,45.98,0,45.27272288,0.004527175588,,,45.27272288,0.004527175588,0.98,0.0905,1033,165,203,1028,217,259,1031,732,622,3.013258665,0.3713008326,0.86,0.1384,899,261,167,878,282,205,811,625,550
963412,J013049.68+010244.2,013049.68+010244.2,0.842,0.841074,0.8421000242,0.8392191334,,22.707,1.045611111,45.96,0,45.24733304,0.004967361216,,,45.24733304,0.004967361216,0.86,0.1728,542,139,214,751,247,380,531,78,195,2.725094521,0.1024192093,0.79,0.1219,1357,227,443,1439,234,406,2048,52,68
968658,J01257.54-011213.3,012507.52-011213.2,0.927,0.927,0.9273999929,0.9250371268,,21.28141667,-1.203694444,46.14,0.01,45.42796104,0.008181616235,,,45.42796104,0.008181616235,0.87,0.1299,340,145,167,440,246,431,678,87,85,2.831229694,0.05546852854,0.82,0.1902,718,180,276,814,231,301,1091,67,56
970191,J01233.22-005818.8,012303.22-005818.9,1.55,1.551495,1.548599958,1.548878886,,20.76341667,-0.9718888889,46.76,0,46.05190188,0.003035622462,,,46.05190188,0.003035622462,0.82,0.1435,1143,148,138,1295,306,565,1279,412,389,3.106870544,0.1420884744,,,,,,,,,,,
971324,J01228.76-005559.5,012208.76-005559.4,0.95,0.95,0.9491999745,0.947995297,,20.5365,-0.9331944444,45.75,0.01,45.03512369,0.007645313328,,,45.03512369,0.007645313328,0.71,0.1641,685,78,67,689,140,111,853,598,716,2.930949031,0.3945413816,,,,,,,,,,,
980082,J012658.80+000247.8,012658.79+000247.6,0.623,0.623,0.6230000257,0.6213500238,,21.745,0.04661111111,45.3,0.02,44.33434388,0.02144571104,,,44.33434388,0.02144571104,0.88,0.0097,275,51,47,300,88,100,320,82,131,2.505149978,0.1387997924,0.6,0.1403,236,109,94,,,,,,
1008471,J012334.10-00238.9,012334.10-002308.9,0.711,0.711102,0.7110999823,0.7093472944,,20.89208333,-0.3858055556,45.32,0.01,44.61366378,0.00690587049,,,44.61366378,0.00690587049,,,,,,,,,,,,#NUM!,#NUM!,0.69,0.1815,630,275,343,690,360,366,909,384,220
1008531,J012855.54+01013.4,012855.54+010103.2,0.698,0.698,0.6977000237,0.6962796268,,22.23141667,1.017611111,45.48,0.01,44.509576,0.01336748283,,,44.509576,0.01336748283,0.96,0.0626,275,229,295,361,354,334,925,231,387,2.966141733,0.1382871823,,,,,,,,,,,
1010882,J012655.94+005232.5,012655.94+005232.4,1.389,1.395619,1.39320004,1.393178348,,21.73308333,0.8756944444,46.2,0,45.48637122,0.004511309499,,,45.48637122,0.004511309499,0.93,0.0145,1063,122,170,1249,262,502,1300,263,192,3.113943352,0.07899503337,0.87,0.112,1097,208,193,1083,248,199,668,96,110
1014099,J013415.48-005541.2,013415.48-005541.0,1.757,1.757,1.754899979,1.754265442,,23.5645,-0.9281111111,47.08,0,46.3708374,0.004567005167,,,46.3708374,0.004567005167,0.84,0.188,1801,413,417,2265,349,452,2372,227,189,3.375114685,0.03849114097,0.88,0.177,2348,335,433,2408,307,375,2305,105,168
1027365,J223823.26-00578.3,223823.26-005708.2,0.361,0.361,0.3610999882,0.3593566383,,339.5969167,-0.9523055556,45.49,0.01,44.52186367,0.01227833726,,,44.52186367,0.01227833726,0.87,0.0567,393,46,51,430,54,88,412,36,36,2.614897216,0.03804508454,0.74,0.1615,462,83,175,535,106,270,481,27,28
1042657,J222836.24-00323.1,222836.23-003202.9,1.035,1.035,1.033599973,1.032558001,,337.151,-0.5341944444,46.05,0.01,45.34090723,0.010175161,,,45.34090723,0.010175161,,,,,,,,,,,,#NUM!,#NUM!,0.77,0.163,1942,239,217,1908,289,267,2037,422,421
1072282,J222150.35-011114.6,222150.35-011114.5,0.734,0.734,0.7335000038,0.7319351067,,335.4597917,-1.187388889,45.67,0.01,44.95952731,0.007738871533,,,44.95952731,0.007738871533,0.8,0.0942,461,126,101,509,165,195,398,105,93,2.599883072,0.1121069359,,,,,,,,,,,
1086858,J22370.74+001322.4,223700.74+001322.5,0.857,0.857,0.8554000258,0.8547537913,,339.2530833,0.2228888889,45.8,0.01,45.08600952,0.01269786497,,,45.08600952,0.01269786497,0.93,0.0639,409,162,167,449,318,273,567,294,304,2.753583059,0.251927754,0.81,0.1,828,222,298,885,331,547,1109,125,110
1089624,J222732.69+001756.8,222732.69+001756.9,0.71,0.71,0.7102000117,0.7079460688,,336.8862083,0.2991111111,45.62,0.01,44.91333682,0.008863192012,,,44.91333682,0.008863192012,0.77,0.1482,269,216,197,426,387,214,417,132,163,2.620136055,0.1542915668,0.79,0.0491,551,241,146,596,271,181,437,101,279
1093653,J223027.84-00533.8,223027.83-005303.7,0.488,0.487727,0.4875999987,0.485940514,,337.616,-0.8843888889,45.46,0.01,44.49172376,0.007305295513,,,44.49172376,0.007305295513,0.86,0.1197,468,77,86,476,111,109,463,117,197,2.665580991,0.1402339184,,,,,,,,,,,
1099265,J223337.25-003644.6,223337.25-003644.5,1.155,1.155,1.155300021,1.152404306,,338.4052083,-0.6123888889,46.44,0,45.72987717,0.002392662874,,,45.72987717,0.002392662874,0.94,0.1219,888,106,130,902,130,152,1014,139,128,3.006037955,0.05782902544,0.93,0.027,854,69,118,868,140,137,953,52,82
1105252,J223144.38+000515.0,223144.36+000514.8,0.599,0.599,0.5986999869,0.5970737145,,337.9349167,0.0875,45.51,0.02,44.53992282,0.0210364905,,,44.53992282,0.0210364905,0.77,0.0942,407,136,149,422,160,183,327,137,127,2.514547753,0.189151126,0.77,0.0407,217,144,175,223,166,191,338,163,156
1109656,J223156.11-004259.4,223156.12-004259.2,0.61,0.61,0.6098999977,0.6080636827,,337.9837917,-0.7165,45.43,0.02,44.46585405,0.01652940156,,,44.46585405,0.01652940156,0.89,0.0195,336,75,107,358,106,162,395,136,136,2.596597096,0.1558973785,0.81,0.0096,321,103,93,328,132,138,411,140,297
1111070,J222726.28-002855.9,222726.27-002855.8,0.843,0.843,0.8434000015,0.8407903075,,336.8595,-0.4821944444,46.4,0,45.68504714,0.002222036068,,,45.68504714,0.002222036068,0.86,0.1853,918,117,139,1025,146,330,936,47,99,2.971275849,0.03301929441,0.85,0.087,1072,79,95,1243,226,404,1090,36,155
1124174,J22257.92+00210.4,222507.92+002100.3,1.065,1.05957,1.064599991,1.057101146,,336.283,0.3501111111,46.34,0,45.62561522,0.002205204633,,,45.62561522,0.002205204633,0.9,0.1846,1782,186,227,1945,368,503,2001,695,556,3.301247089,0.1458937755,0.88,0.139,1938,265,218,1944,324,312,2229,908,619
1125521,J222024.58+010931.3,222024.58+010931.2,0.212,0.213098,0.2122000009,0.2116480311,,335.1024167,1.158694444,45.7,0,44.73120375,0.001328073228,,,44.73120375,0.001328073228,0.93,0.1421,481,118,106,492,118,106,444,108,95,2.64738297,0.1026247439,0.92,0.1404,554,128,130,570,132,130,490,48,165
1126917,J223424.10+005227.1,223424.10+005227.1,0.883,0.883078,0.8822000027,0.8808014158,,338.6004167,0.8741944444,46.17,0,45.45629241,0.004798023316,,,45.45629241,0.004798023316,0.97,0.0382,1515,212,172,1505,238,181,980,107,143,2.991226076,0.05468275628,0.96,0.0356,1487,217,189,1489,225,185,1094,101,264
1131957,J222315.12-002610.7,222315.11-002610.5,0.293,0.293,0.2930000126,0.2914553779,,335.813,-0.4363055556,45.22,0.01,44.249461,0.006827748066,,,44.249461,0.006827748066,0.85,0.1873,352,244,305,353,233,351,371,115,139,2.56937391,0.1496651054,0.83,0.1184,374,287,327,,,,,,
1177993,J223731.58+003155.2,223731.59+003155.1,1.048,1.048,1.047099948,1.045520362,,339.3815833,0.532,46.44,0,45.73169567,0.00208399748,,,45.73169567,0.00208399748,0.97,0.1573,1052,249,197,1102,261,208,1256,368,249,3.098989639,0.1145617671,0.85,0.168,726,167,130,773,165,177,1321,77,68
1188453,J222733.22+003449.1,222733.21+003448.9,0.308,0.308,0.3075999916,0.306428015,,336.8884167,0.5803055556,45.34,0,44.37851471,0.004061397464,,,44.37851471,0.004061397464,0.92,0.0752,497,169,146,558,191,155,711,79,185,2.851869601,0.07579546569,0.83,0.1717,456,269,284,526,320,276,950,32,25
1189298,J223244.78+00159.4,223244.79+001509.3,0.566,0.566,0.5662000179,0.5641113717,,338.1865833,0.2526111111,45.29,0.01,44.32427743,0.009448864317,,,44.32427743,0.009448864317,0.94,0.0248,208,95,132,227,120,131,232,68,118,2.365487985,0.1646120982,0.92,0.0398,357,111,122,414,183,188,547,221,151
1212081,J015633.58+003046.1,015633.57+003045.8,1.015,1.015,1.014799953,1.013142501,,29.13991667,0.5128055556,45.87,0.01,45.1572203,0.01052793932,,,45.1572203,0.01052793932,0.92,0.0599,382,186,167,479,336,313,463,119,158,2.665580991,0.1282665788,0.69,0.1994,870,432,522,1073,667,575,1367,147,127
1216470,J01419.77+000627.0,014109.76+000626.9,0.489,0.489,0.4893000126,0.4875515224,,25.29070833,0.1075,45.61,0.01,44.64092033,0.007081251078,,,44.64092033,0.007081251078,0.81,0.0405,207,58,52,234,84,81,241,53,94,2.382017043,0.1254434789,,,,,,,,,,,
1218434,J015653.16-004623.2,015653.16-004623.2,0.615,0.614833,0.6154999733,0.613351713,,29.2215,-0.7731111111,45.4,0.05,44.43850255,0.04654620069,,,44.43850255,0.04654620069,0.69,0.1101,352,161,451,422,212,430,270,179,197,2.431363764,0.3551377441,0.68,0.0589,211,128,131,223,171,159,359,186,196
1224863,J01403.98-002541.9,014003.99-002541.7,0.77,0.77,0.7703999877,0.7682744197,,25.01658333,-0.4283055556,45.76,0,45.04397864,0.004636407302,,,45.04397864,0.004636407302,0.78,0.1393,499,67,116,534,94,172,564,58,73,2.751279104,0.04999445775,,,,,,,,,,,
1230683,J01409.89-01095.0,014009.90-010905.1,0.47,0.470186,0.467900008,0.4687561861,,25.04120833,-1.151388889,45.19,0.02,44.21974619,0.01967123106,,,44.21974619,0.01967123106,0.77,0.1623,287,113,108,330,153,195,374,209,342,2.572871602,0.318714539,0.73,0.1902,482,179,398,508,223,444,691,166,149
1239108,J015552.63-003914.0,015552.63-003913.9,0.422,0.421826,0.4217000008,0.4205162503,,28.96929167,-0.6538888889,45.04,0.03,44.07581052,0.02821705315,,,44.07581052,0.02821705315,0.93,0.0218,415,197,219,460,256,231,404,77,225,2.606381365,0.1420514464,0.85,0.0982,817,241,243,840,257,282,1255,69,75
1242730,J015010.15+00297.4,015010.15+002907.4,0.759,0.759,0.7585999966,0.7573397591,,27.54229167,0.4853888889,45.9,0,45.18534573,0.003722864375,,,45.18534573,0.003722864375,0.9,0.0633,335,194,233,533,467,372,557,186,208,2.745855195,0.1571437628,0.83,0.113,773,186,262,853,240,348,646,157,171
1243220,J014324.82+003611.2,014324.81+003611.3,1.076,1.076,1.077000022,1.073993146,,25.85341667,0.6031111111,45.93,0.01,45.22174621,0.007357056469,,,45.22174621,0.007357056469,0.96,0.143,427,137,130,654,327,447,1035,157,155,3.01494035,0.06602622274,0.72,0.1511,497,273,314,631,354,368,1085,195,261
1245133,J01510.77+005634.8,015100.76+005634.9,0.492,0.491491,0.4916999936,0.490085902,,27.75320833,0.943,45.48,0,44.50908809,0.004946586782,,,44.50908809,0.004946586782,0.7,0.1477,176,60,46,200,69,58,242,43,90,2.383815366,0.1111425036,0.75,0.0099,254,59,52,270,55,53,287,43,39
1250783,J015215.22+003854.2,015215.20+003854.3,0.866,0.866,0.8644999862,0.8642513202,,28.06341667,0.6483888889,45.55,0.01,44.83467061,0.008561035602,,,44.83467061,0.008561035602,,,,,,,,,,,,#NUM!,#NUM!,0.67,0.1482,579,220,256,597,260,333,626,300,360
1252652,J014942.50+00151.8,014942.51+001501.7,0.552,0.552,0.5521000028,0.5505336175,,27.42708333,0.2505,46.58,0,45.61179622,0.003039535386,,,45.61179622,0.003039535386,0.92,0.0865,2034,407,235,2225,254,305,1699,111,48,3.230193379,0.02072120345,0.94,0.035,2366,216,385,2516,268,394,2409,96,392
1261571,J014816.73-004822.7,014816.73-004822.8,0.526,0.526,0.5259000063,0.5245551332,,27.06970833,-0.8063055556,45.39,0.03,44.42398156,0.03072922835,,,44.42398156,0.03072922835,0.96,0.1266,390,188,431,737,500,853,1586,175,128,3.200303183,0.04224190192,0.77,0.1931,1067,350,348,1354,496,236,1548,91,84
1265613,J014756.98-011335.4,014756.98-011335.3,0.484,0.484,0.4835999906,0.482595061,,26.98741667,-1.2265,45.18,0.01,44.20964304,0.01282474237,,,44.20964304,0.01282474237,0.78,0.0336,285,98,45,300,112,72,391,38,21,2.592176757,0.03356125532,0.69,0.0936,179,144,128,192,184,149,375,179,145
1269806,J014829.66-00311.9,014829.65-003101.8,0.988,0.988,0.9855999947,0.9861175359,,27.12358333,-0.5171944444,45.93,0,45.22254878,0.004186377393,,,45.22254878,0.004186377393,0.93,0.0599,1593,202,145,1600,274,204,1477,392,446,3.169380495,0.124274773,0.9,0.13,1759,165,177,1783,219,212,1683,67,56
1280361,J01493.41-001010.9,014903.41-001010.8,0.526,0.526,0.5253000259,0.5245564761,,27.26420833,-0.1696944444,45.46,0.01,44.48841289,0.005854394852,,,44.48841289,0.005854394852,0.73,0.1654,494,116,91,518,139,103,634,54,71,2.802089258,0.04238056171,0.8,0.0242,321,128,118,333,148,120,509,125,244
1284591,J014917.11-002141.8,014917.10-002141.6,1.688,1.688,1.688199997,1.685460734,,27.32129167,-0.3616111111,46.72,0,46.01218356,0.003496941297,,,46.01218356,0.003496941297,0.69,0.1711,1737,362,489,1549,388,571,1378,179,237,3.139249218,0.06467667178,0.8,0.165,2212,295,286,2216,302,320,2615,56,63
1290364,J014729.78-004118.2,014729.77-004118.3,0.734,0.734,0.7340999842,0.7323530603,,26.87408333,-0.6883888889,45.57,0,44.85726433,0.005376665827,,,44.85726433,0.005376665827,0.85,0.0736,868,181,180,928,207,269,821,128,174,2.914343157,0.07854492307,0.61,0.1567,971,289,321,973,297,287,1133,164,134
1292491,J014921.53-003221.1,014921.53-003221.0,1.379,1.379,1.378999949,1.376754382,,27.33970833,-0.5391944444,46.53,0,45.81454608,0.003659016967,,,45.81454608,0.003659016967,,,,,,,,,,,,#NUM!,#NUM!,0.86,0.1692,1111,358,285,1296,439,454,1391,133,89
1295574,J015355.01+001010.9,015354.99+001011.0,0.737,0.737,0.7365000248,0.7353842441,,28.47920833,0.1696944444,45.61,0.01,44.89840783,0.007125526156,,,44.89840783,0.007125526156,0.92,0.0042,341,64,54,417,103,98,464,105,96,2.666517981,0.09654678921,0.75,0.058,491,116,113,561,147,115,580,104,101
1304512,J014134.20-004648.7,014134.19-004648.5,0.861,0.861,0.8608999848,0.8591965565,,25.3925,-0.7801944444,45.6,0.01,44.88275998,0.008439183172,,,44.88275998,0.008439183172,0.91,0.0675,427,72,81,447,116,115,433,100,124,2.636487896,0.1117054808,,,,,,,,,,,
1304533,J015451.41+005932.6,015451.41+005932.7,0.385,0.384747,0.3853000104,0.383460659,,28.71420833,0.9923888889,45.34,0.01,44.37004509,0.01269749424,,,44.37004509,0.01269749424,0.84,0.0165,223,58,74,342,126,246,719,148,132,2.85672889,0.08664672592,0.63,0.1979,193,162,141,,,,,,
1305938,J015355.58+003218.2,015355.58+003218.2,0.453,0.452675,0.4528000057,0.4513224329,,28.48158333,0.5383888889,45.48,0.01,44.51605259,0.00781100501,,,44.51605259,0.00781100501,0.79,0.1616,311,74,70,334,98,90,332,68,204,2.521138084,0.1537804314,0.73,0.1952,430,195,173,463,209,195,559,141,218
1307128,J015250.83-005419.4,015250.83-005419.5,0.885,0.885,0.8849999905,0.8832450817,,28.21179167,-0.9053888889,46.16,0,45.4495395,0.003672442862,,,45.4495395,0.003672442862,0.79,0.1554,594,122,157,647,165,210,568,249,144,2.754348336,0.1743446553,0.81,0.1646,754,214,210,813,223,260,917,230,71
1310302,J015734.25+00345.5,015734.24+003405.5,1.083,1.083,1.083400011,1.081086951,,29.39270833,0.5681944444,46.3,0,45.58387097,0.005090699962,,,45.58387097,0.005090699962,0.84,0.1546,1242,212,344,1698,514,869,2371,668,319,3.374931554,0.09926881602,0.82,0.1711,1565,285,458,1743,402,500,1807,121,179
1311699,J014645.58-001829.9,014645.58-001829.9,0.398,0.398,0.3977999985,0.396667289,,26.68991667,-0.3083055556,45.34,0.01,44.36832767,0.009358318809,,,44.36832767,0.009358318809,0.82,0.0752,211,71,86,237,74,119,266,60,48,2.424881637,0.09153121385,0.8,0.0503,271,70,71,293,88,85,319,54,60
1313712,J014731.97-002019.3,014731.97-002019.4,0.554,0.554,0.5541999936,0.5525227203,,26.88320833,-0.3386944444,45.56,0.01,44.59282814,0.00750453649,,,44.59282814,0.00750453649,0.82,0.1716,407,343,377,673,504,533,1413,309,81,3.150142162,0.06569076204,0.82,0.1871,668,321,198,770,321,345,1378,105,75
1318567,J014245.29+00482.9,014245.28+004802.7,0.682,0.682,0.6818000078,0.6803696034,,25.68870833,0.8008055556,45.68,0.01,44.71737541,0.009449083104,,,44.71737541,0.009449083104,0.94,0.021,1033,144,132,1109,149,156,1054,43,65,3.022840611,0.02203946547,0.87,0.1222,1222,291,150,1272,254,149,1857,136,109
1329214,J015424.46-004742.7,015424.44-004742.8,0.768,0.768,0.7670999765,0.7663630026,,28.60191667,-0.7951944444,45.9,0.01,45.18506476,0.005538793248,,,45.18506476,0.005538793248,0.95,0.0914,460,131,127,598,171,147,682,93,143,2.833784375,0.07316932688,0.93,0.0785,627,129,102,763,119,100,692,50,52
1329550,J015616.18-000117.8,015616.16-000117.6,1.244,1.244,1.243700027,1.24193215,,29.06741667,-0.02161111111,46.77,0,46.05380059,0.002547225584,,,46.05380059,0.002547225584,0.98,0.0789,1131,152,181,1313,180,197,1471,137,131,3.167612673,0.03975334108,0.92,0.1285,1266,206,259,1376,213,222,1635,139,110
1334280,J014156.78-011047.6,014156.78-011047.6,0.849,0.848985,0.8485000134,0.847197592,,25.48658333,-1.179888889,45.32,0.01,44.61200832,0.01190186544,,,44.61200832,0.01190186544,0.96,0.0449,467,109,128,301,175,271,248,64,70,2.394451681,0.1188046485,0.96,0.0344,307,108,208,289,167,252,480,96,129
1336333,J015055.44+001543.6,015055.43+001543.6,1.036,1.037,1.036599994,1.035083738,,27.731,0.2621111111,45.87,0,45.16204762,0.004598524098,,,45.16204762,0.004598524098,0.85,0.0401,569,67,82,606,99,141,618,99,141,2.790988475,0.08253720902,,,,,,,,,,,
1340680,J014017.06-00503.1,014017.06-005003.0,0.334,0.334,0.3343999982,0.3327019214,,25.07108333,-0.8341944444,46.14,0,45.17173002,0.00423369192,,,45.17173002,0.00423369192,0.69,0.1138,502,128,100,570,114,73,473,211,202,2.674861141,0.2055012408,0.63,0.1131,418,111,122,501,139,113,305,89,215
1353200,J015320.81-001855.4,015320.81-001855.3,1.014,1.014,1.014199972,1.012125164,,28.33670833,-0.3153888889,45.5,0.02,44.78939656,0.02018620317,,,44.78939656,0.02018620317,0.91,0.129,1093,188,172,1157,282,265,1275,265,315,3.105510185,0.09853787527,0.8,0.1807,1182,298,237,1214,362,306,1381,307,220
1357992,J014648.36-002422.3,014648.36-002422.4,0.804,0.804,0.8039000034,0.802281006,,26.7015,-0.4061944444,45.74,0,45.02376501,0.004028331401,,,45.02376501,0.004028331401,0.76,0.1925,287,116,153,339,162,185,349,192,216,2.542825427,0.2780743977,,,,,,,,,,,
1361524,J220043.37+005130.6,220043.37+005130.6,0.792,0.791292,0.7914999723,0.7892017202,,330.1807083,0.8585,45.82,0.01,45.10539897,0.006312755158,,,45.10539897,0.006312755158,0.89,0.1053,652,112,112,715,170,175,682,135,136,2.833784375,0.08738298867,0.9,0.061,811,106,101,828,128,138,789,115,121
1370819,J220832.02-005238.3,220832.02-005238.1,0.855,0.855,0.8518000245,0.852821451,,332.1334167,-0.8773055556,46.02,0,45.30497485,0.003392725933,,,45.30497485,0.003392725933,0.89,0.1669,618,121,149,720,148,224,855,134,53,2.931966115,0.0500752919,0.84,0.1466,1017,224,150,1050,191,155,1073,166,114
1376726,J221715.19+002615.0,221715.18+002615.0,0.754,0.754,0.7531999946,0.7519131861,,334.3132917,0.4375,45.21,0.02,44.49420511,0.01932424358,,,44.49420511,0.01932424358,,,,,,,,,,,,#NUM!,#NUM!,0.85,0.1348,190,136,144,,,,,,
1386958,J220241.42+002453.6,220241.41+002453.7,0.6,0.599552,0.5996999741,0.5976820977,,330.6725833,0.4148888889,45.56,0,44.58984361,0.004823897553,,,44.58984361,0.004823897553,0.87,0.1144,230,146,159,261,169,191,312,97,116,2.494154594,0.1495026545,0.86,0.0748,273,97,134,465,232,253,715,74,183
1395761,J220146.01+004721.1,220146.01+004721.2,0.474,0.474,0.4731999934,0.4722777231,,330.4417083,0.7891944444,45.14,0.02,44.17325932,0.01556983995,,,44.17325932,0.01556983995,0.8,0.0412,468,91,106,504,136,146,416,86,147,2.619093331,0.1159972275,0.65,0.1729,577,221,188,626,266,177,784,221,83
1404855,J221451.26+000725.0,221451.26+000725.1,0.574,0.574,0.5734999776,0.5721334178,,333.7135833,0.1236111111,45.78,0.01,44.81260453,0.008595929224,,,44.81260453,0.008595929224,0.87,0.0674,242,91,89,284,156,114,400,101,210,2.602059991,0.1548293233,0.83,0.1689,242,181,134,262,239,156,435,233,99
1413915,J220142.62-000740.4,220142.62-000740.5,0.731,0.731,0.7308999896,0.7289815278,,330.4275833,-0.1278888889,46.12,0,45.40971433,0.00319053325,,,45.40971433,0.00319053325,0.9,0.0663,523,125,170,590,173,250,341,54,64,2.532754379,0.07478656324,0.83,0.1988,862,247,352,966,393,393,1417,244,111
1413956,J221815.62+010842.4,221815.62+010842.2,0.741,0.741,0.7408999801,0.7389236245,,334.5650833,1.145111111,46.14,0,45.43152901,0.00502071592,,,45.43152901,0.00502071592,0.82,0.1536,1415,336,396,1373,369,467,1153,168,273,3.061829307,0.08034164751,0.8,0.162,2069,206,181,2091,125,145,2044,62,36
1434653,J221155.73-001044.0,221155.73-001043.9,0.401,0.400723,0.4004000127,0.3990685125,,332.9822083,-0.1788888889,45.74,0,44.77874898,0.004035027942,,,44.77874898,0.004035027942,0.85,0.1755,347,265,322,368,272,323,509,175,205,2.706717782,0.1649758725,0.88,0.0872,468,298,246,484,293,253,655,74,123
1441658,J221750.50-002425.9,221750.50-002425.9,0.6,0.600709,0.6007000208,0.5988068904,,334.4604167,-0.4071944444,45.72,0.08,44.75827251,0.07591278109,,,44.75827251,0.07591278109,0.86,0.025,315,134,125,338,147,165,616,244,80,2.789580712,0.1360331499,0.89,0.0126,343,122,136,361,130,134,653,31,76
1451699,J221511.93-004550.0,221511.93-004550.0,1.478,1.473928,1.478099942,1.470999049,,333.7997083,-0.7638888889,47.41,0,46.69409915,0.001490776325,,,46.69409915,0.001490776325,0.84,0.196,3444,465,192,3827,435,426,4012,171,200,3.603360924,0.02002202767,,,,,,,,,,,
1483800,J221337.97-00435.9,221337.97-004305.9,1.183,1.183347,1.182399988,1.180766304,,333.4082083,-0.7183055556,46.91,0,46.19932926,0.002596695914,,,46.19932926,0.002596695914,0.76,0.1881,1456,213,299,1684,350,350,1983,468,284,3.297322714,0.08751944364,0.87,0.046,1888,235,244,1970,266,311,2173,183,128
1485220,J221737.56-004854.7,221737.55-004854.7,0.495,0.495232,0.4952999949,0.4934573484,,334.4065,-0.8151944444,45.45,0.01,44.4851983,0.00988895707,,,44.4851983,0.00988895707,,,,,,,,,,,,#NUM!,#NUM!,0.9,0.0275,286,49,121,,,,,,
1487261,J221640.15+001619.9,221640.14+001620.0,1.02,1.02,1.019299984,1.017599027,,334.1672917,0.2721944444,46.16,0,45.44396121,0.004518355009,,,45.44396121,0.004518355009,0.95,0.0198,831,112,135,875,156,174,1065,302,243,3.027349608,0.117041603,0.86,0.0742,747,123,239,785,145,336,736,117,228
1491829,J22199.41-00348.4,221909.39-003408.3,0.842,0.842,0.8421999812,0.8398090186,,334.7892083,-0.569,45.94,0,45.23163653,0.005453035666,,,45.23163653,0.005453035666,0.86,0.0688,405,144,229,543,218,521,533,119,117,2.726727209,0.09795650776,,,,,,,,,,,
1491872,J22178.83+002717.3,221708.83+002717.1,1.112,1.112,1.111999989,1.10948745,,334.2867917,0.4548055556,46.04,0,45.32417457,0.003211790986,,,45.32417457,0.003211790986,0.68,0.1667,1913,212,269,1995,296,303,1642,575,497,3.215373153,0.1510231826,0.84,0.071,777,339,254,877,379,281,1045,290,151
1496040,J220514.23-004037.2,220514.24-004037.1,0.695,0.695,0.6951000094,0.6930167013,,331.3092917,-0.677,45.92,0.01,44.95205397,0.005570312609,,,44.95205397,0.005570312609,0.92,0.1307,598,154,135,873,263,268,1146,269,183,3.059184618,0.09026269379,0.89,0.1198,630,180,203,851,322,271,1158,345,160
1504775,J221712.62-00253.0,221712.61-002502.8,0.442,0.442,0.4420999885,0.4402876616,,334.3025833,-0.4175,45.16,0.01,44.18829421,0.01059583687,,,44.18829421,0.01059583687,0.98,0.0274,827,285,339,893,417,536,771,215,377,2.887054378,0.1574335482,,,,,,,,,,,
1506576,J220851.96-01064.0,220851.96-010603.7,0.352,0.352,0.3517999947,0.3504124264,,332.2165,-1.101111111,45.71,0,44.74000845,0.003322088949,,,44.74000845,0.003322088949,0.92,0.0569,522,155,161,610,180,163,615,62,40,2.788875116,0.03675808434,0.84,0.12,951,215,158,1010,216,152,710,27,25
1516454,J220913.06+000747.6,220913.04+000747.5,1.087,1.087,1.086699963,1.084541184,,332.3044167,0.1298888889,46.17,0,45.45609793,0.004502073651,,,45.45609793,0.004502073651,0.9,0.0683,571,91,73,578,126,112,451,56,115,2.654176542,0.07810966778,0.86,0.087,754,75,71,914,257,416,1437,122,165
1516477,J221722.46+010436.5,221722.45+010436.3,1.401,1.401,1.402999997,1.39813949,,334.3435833,1.076805556,46.47,0.02,45.75394637,0.01884295509,,,45.75394637,0.01884295509,0.92,0.1161,821,139,155,887,359,356,1198,488,269,3.078456818,0.1575858826,,,,,,,,,,,
1524735,J220616.03-01110.2,220616.02-011100.2,1.056,1.056,1.057100058,1.053594142,,331.5667917,-1.183388889,45.82,0,45.10632757,0.005483423979,,,45.10632757,0.005483423979,0.83,0.1323,432,123,110,462,181,125,523,140,157,2.718501689,0.1246550694,0.71,0.073,727,189,153,,,,,,
1527392,J22098.26-005558.8,220908.24-005558.8,0.53,0.53,0.5296999812,0.5282020508,,332.2844167,-0.933,45.71,0.01,44.74481983,0.007846339606,,,44.74481983,0.007846339606,0.93,0.097,327,76,117,354,87,110,309,25,37,2.489958479,0.04287887937,0.88,0.1312,424,103,129,449,111,123,476,16,24
1529709,J22074.32+005025.8,220704.31+005025.9,0.318,0.318,0.3179999888,0.3164490488,,331.768,0.8405,45.2,0.01,44.22905493,0.005845761521,,,44.22905493,0.005845761521,0.67,0.1753,436,247,191,483,267,189,428,212,220,2.631443769,0.2385606274,0.65,0.1553,450,195,144,445,207,171,366,136,118
1534500,J221110.99-000953.3,221110.98-000953.3,0.666,0.666,0.6660000086,0.6640338336,,332.7957917,-0.1648055556,45.97,0.01,45.00313068,0.01075835499,,,45.00313068,0.01075835499,0.72,0.1864,2187,369,229,2291,361,282,2590,105,140,3.413299764,0.02041812699,0.76,0.184,2089,395,326,2159,353,313,2695,110,129
1557002,J221543.54-010052.9,221543.52-010052.8,0.878,0.878272,0.8784000278,0.8760483542,,333.9314167,-1.014694444,46.14,0.01,45.42580939,0.005578392833,,,45.42580939,0.005578392833,0.95,0.0564,425,81,99,512,283,427,661,370,259,2.820201459,0.2499474192,0.92,0.0945,758,256,297,820,285,363,903,93,109
1561676,J221146.18-003513.6,221146.16-003513.5,0.759,0.759,0.7587000132,0.756924677,,332.9424167,-0.5871111111,45.16,0.03,44.44469832,0.02892172169,,,44.44469832,0.02892172169,0.78,0.1247,529,99,86,536,145,129,569,102,64,2.755112266,0.06604341473,0.69,0.072,929,119,132,928,138,145,1003,147,110
1568160,J220735.16+00041.2,220735.14+000401.3,0.776,0.776,0.7753000259,0.7739120936,,331.8965,0.067,45.88,0,45.17106236,0.003655921177,,,45.17106236,0.003655921177,0.84,0.155,247,131,129,266,228,218,468,261,239,2.670245853,0.2667245342,,,,,,,,,,,
1569002,J221325.13-010547.4,221325.12-010547.2,0.713,0.713,0.7139000297,0.7109776348,,333.3547083,-1.0965,45.25,0.02,44.53905182,0.02074701985,,,44.53905182,0.02074701985,0.82,0.0999,453,98,105,493,159,175,294,94,193,2.46834733,0.1932494828,0.73,0.1475,590,277,240,570,495,324,677,313,345
1574863,J021251.94+001048.7,021251.94+001048.6,0.822,0.822,0.8222000003,0.8204304521,,33.21641667,0.1801944444,45.94,0,45.23042906,0.003091563494,,,45.23042906,0.003091563494,0.9,0.0751,572,128,220,681,192,272,655,157,167,2.8162413,0.1088212374,,,,,,,,,,,
1576517,J02020.19-005617.2,020200.18-005616.9,1.15,1.15,1.150200009,1.148068006,,30.50079167,-0.9381111111,46.29,0,45.57689512,0.004065551494,,,45.57689512,0.004065551494,0.95,0.0404,686,92,102,723,150,136,832,157,149,2.920123326,0.08118261727,0.9,0.06,829,159,107,925,202,293,1007,137,254
1576610,J020517.57+004316.3,020517.56+004316.3,0.606,0.606,0.606400013,0.6045690467,,31.32320833,0.7211944444,45.5,0.08,44.53043842,0.08026125337,,,44.53043842,0.08026125337,0.97,0.019,422,81,73,467,81,76,669,124,69,2.825426118,0.06582992977,0.96,0.0509,557,76,67,589,81,76,729,43,130
1579964,J020847.18+002014.3,020847.19+002014.1,1.078,1.078,1.078799963,1.076177258,,32.19658333,0.3373055556,46.02,0.01,45.30361202,0.006525017347,,,45.30361202,0.006525017347,0.87,0.1704,592,174,134,638,208,141,686,133,136,2.836324116,0.08607334312,0.75,0.14,570,160,161,602,158,202,714,206,228
1582978,J02193.94-00314.8,021903.93-003104.7,0.668,0.668,0.6683999896,0.6666059026,,34.76641667,-0.518,45.82,0.02,44.85246117,0.01542978741,,,44.85246117,0.01542978741,0.83,0.0998,354,81,129,444,137,177,483,82,78,2.683947131,0.07290924432,0.86,0.0361,438,111,157,491,136,170,430,32,66
1589206,J021634.03-005759.0,021634.01-005759.2,0.437,0.437,0.4370000064,0.4357868736,,34.14179167,-0.9663888889,45.15,0.02,44.18446357,0.01473394609,,,44.18446357,0.01473394609,,,,,,,,,,,,#NUM!,#NUM!,0.78,0.1997,570,151,188,594,174,249,930,149,195
1589941,J021052.82+005938.8,021052.83+005938.5,1.138,1.138,1.137599945,1.136137969,,32.72008333,0.9941111111,46.14,0.01,45.42431867,0.005548005438,,,45.42431867,0.005548005438,0.87,0.0236,1720,206,172,1738,380,230,1879,105,144,3.27392678,0.02852113364,,,,,,,,,,,
1593840,J020319.92+002240.8,020319.92+002240.7,1.066,1.065559,1.065999985,1.063705544,,30.833,0.378,46,0.01,45.29090973,0.006963558948,,,45.29090973,0.006963558948,0.92,0.1649,694,115,108,788,161,158,823,181,149,2.915399835,0.09006561843,0.76,0.077,770,129,243,885,195,442,964,188,371
1598729,J02169.53+010130.4,021609.52+010130.3,0.488,0.487318,0.4875999987,0.4860523846,,34.03970833,1.025111111,45.61,0.01,44.638956,0.006313381913,,,44.638956,0.006313381913,0.83,0.0594,620,110,72,643,109,79,613,70,161,2.787460475,0.07697056555,0.82,0.033,728,97,114,744,100,115,761,13,18
1601158,J020332.21-011525.9,020332.22-011525.8,0.591,0.59131,0.5911999941,0.5898903513,,30.88420833,-1.257194444,45.7,0.01,44.73846044,0.0114874014,,,44.73846044,0.0114874014,0.87,0.1087,592,144,114,655,119,249,534,24,34,2.727541257,0.02338907981,0.88,0.0606,685,145,148,717,133,194,536,23,57
1604794,J020216.42+010913.7,020216.40+010913.5,0.829,0.829,0.8288000226,0.8273484144,,30.56841667,1.153805556,45.73,0.01,45.02256697,0.00991107665,,,45.02256697,0.00991107665,0.92,0.0375,1154,115,94,1159,133,105,1179,60,37,3.071513805,0.0180517442,0.77,0.116,1021,221,178,1003,224,194,675,114,338
1610833,J021539.62+005640.2,021539.62+005640.1,0.834,0.833044,0.8342000246,0.8314810319,,33.91508333,0.9445,45.69,0.01,44.98100768,0.008298425189,,,44.98100768,0.008298425189,0.89,0.0505,485,112,124,533,164,275,400,85,134,2.602059991,0.1146153516,0.81,0.0949,552,165,299,587,193,398,508,85,253
1611614,J020215.07-001557.6,020215.07-001557.6,0.676,0.675762,0.6764000058,0.6742545446,,30.56279167,-0.266,45.55,0.04,44.58314357,0.04157847312,,,44.58314357,0.04157847312,0.66,0.1641,674,291,362,724,351,410,648,322,163,2.811575006,0.1979016271,0.72,0.1836,913,285,112,916,294,131,813,301,268
1633423,J020429.86-004042.2,020429.84-004042.4,0.44,0.44,0.4402999878,0.4387179919,,31.12441667,-0.6783888889,45.47,0.01,44.50490714,0.008396219519,,,44.50490714,0.008396219519,0.91,0.0145,641,77,81,664,88,97,660,110,51,2.819543936,0.05575345562,0.89,0.03,735,96,110,753,107,140,713,27,24
1643467,J021852.68-010731.8,021852.67-010731.6,0.902,0.902,0.9024000168,0.9004121844,,34.7195,-1.1255,45.95,0.02,45.23489727,0.01609421305,,,45.23489727,0.01609421305,0.83,0.1281,501,161,179,676,207,169,832,186,118,2.920123326,0.08374554365,0.85,0.1456,453,238,203,557,252,238,795,102,59
1651319,J020222.01+010557.1,020222.00+010557.1,0.501,0.501759,0.5012999773,0.5004036059,,30.59170833,1.099194444,45.55,0,44.5799359,0.002626804337,,,44.5799359,0.002626804337,,,,,,,,,,,,#NUM!,#NUM!,0.97,0.005,251,41,67,352,129,93,495,144,224
1655851,J020115.53+003135.0,020115.53+003135.0,0.362,0.362315,0.3625000119,0.3610818734,,30.31470833,0.5263888889,45.51,0,44.54449758,0.003385352752,,,44.54449758,0.003385352752,0.92,0.016,107,90,70,201,162,139,246,63,62,2.390935107,0.1130498134,,,,,,,,,,,
1658753,J021219.54+005840.8,021219.54+005840.6,0.456,0.456,0.4560000002,0.4547399223,,33.08141667,0.978,45.33,0.02,44.36703835,0.02549338504,,,44.36703835,0.02549338504,0.89,0.0209,243,147,169,240,176,215,188,113,126,2.274157849,0.3109341923,0.78,0.1611,427,199,336,449,233,383,274,111,120
1666630,J021647.54-011341.5,021647.54-011341.4,0.42,0.41993,0.4201000035,0.4187335864,,34.19808333,-1.228194444,45.4,0.01,44.43620037,0.008544509522,,,44.43620037,0.008544509522,0.98,0.0659,365,79,95,420,113,112,383,58,31,2.583198774,0.05255849007,0.9,0.097,651,105,136,713,128,155,811,19,25
1672044,J021227.22+011224.1,021227.22+011224.0,0.847,0.845643,0.8468999863,0.8440456281,,33.11341667,1.206694444,46.05,0.01,45.34093473,0.008806666322,,,45.34093473,0.008806666322,0.79,0.1515,814,462,284,926,450,250,818,250,328,2.912753304,0.152418141,0.83,0.1295,885,322,155,914,271,146,735,172,103
1694315,J021229.83+000934.2,021229.82+000934.0,0.582,0.582,0.581700027,0.5806350744,,33.12429167,0.1595,45.68,0,44.71171866,0.003643673415,,,44.71171866,0.003643673415,0.96,0.0265,991,82,84,1018,90,86,815,40,47,2.911157609,0.02310278166,0.94,0.016,1077,72,84,1086,71,95,1054,42,49
1700357,J020817.14-005654.6,020817.14-005654.6,1.303,1.304595,1.302099943,1.30257715,,32.07141667,-0.9485,46.76,0,46.04774879,0.004519793412,,,46.04774879,0.004519793412,0.97,0.0898,1465,187,183,1466,281,611,1270,131,212,3.103803721,0.05716223978,0.92,0.103,1566,240,269,1525,255,269,1467,109,73
1704385,J021713.39-004527.0,021713.38-004526.9,0.771,0.772236,0.7710000277,0.7707433022,,34.30579167,-0.7575,45.94,0.01,45.22558116,0.006735273496,,,45.22558116,0.006735273496,0.66,0.1187,738,191,306,732,340,348,777,227,265,2.890421019,0.1387525147,,,,,,,,,,,
1705093,J02108.38-005622.6,021008.38-005622.5,1.087,1.087,1.086799979,1.085187046,,32.53491667,-0.9396111111,45.84,0.02,45.12315888,0.01837632794,,,45.12315888,0.01837632794,0.89,0.1084,1251,234,238,1375,335,425,1151,379,423,3.061075324,0.1546937138,,,,,,,,,,,
1716222,J020912.02+004719.0,020912.02+004719.0,0.786,0.786556,0.7867000103,0.7849896832,,32.30008333,0.7886111111,45.13,0.01,44.41996773,0.01431548098,,,44.41996773,0.01431548098,0.87,0.0067,127,102,83,141,137,132,245,161,219,2.389166084,0.3711193472,0.83,0.103,1018,77,102,1012,90,112,693,149,282
1722231,J02108.26-002632.6,021008.26-002632.8,1.066,1.066,1.066499949,1.064202415,,32.53441667,-0.4423888889,45.99,0,45.2777198,0.003724283551,,,45.2777198,0.003724283551,0.91,0.0387,790,206,245,943,282,352,800,258,426,2.903089987,0.1772455918,0.9,0.019,883,210,276,950,234,289,736,114,94
1726140,J020553.98+003631.3,020553.97+003631.3,0.96,0.96,0.9609000087,0.9582585274,,31.47491667,0.6086944444,46.03,0,45.31407037,0.003364409345,,,45.31407037,0.003364409345,0.74,0.1603,1028,103,134,1030,147,171,921,124,159,2.96425963,0.06598271705,0.68,0.085,959,134,195,956,149,216,895,88,75
1737757,J214337.32-004724.0,214337.32-004724.1,0.446,0.446,0.4463,0.4443636582,,325.9055,-0.79,45.77,0.02,44.80022852,0.01658361568,,,44.80022852,0.01658361568,0.89,0.0832,558,158,150,634,213,201,595,374,146,2.774516966,0.2627129671,0.89,0.1188,733,169,225,803,209,253,1086,111,84
1741264,J215956.50+005340.9,215956.48+005340.8,0.704,0.704,0.7038000226,0.702013617,,329.9854167,0.8946944444,45.91,0,45.20149313,0.003287708456,,,45.20149313,0.003287708456,0.94,0.0111,494,89,132,565,105,134,644,118,102,2.808885867,0.07587654166,0.93,0.0028,655,107,100,695,90,115,798,125,171
1759792,J21419.94-00438.0,214109.94-004308.1,0.935,0.935,0.9362999797,0.932819528,,325.2914167,-0.7188888889,45.66,0.01,44.94956818,0.01119252799,,,44.94956818,0.01119252799,0.92,0.0834,335,196,174,413,356,375,552,182,228,2.741939078,0.1619464393,0.96,0.1165,600,262,208,661,292,276,897,168,323
1787387,J214123.57-002846.6,214123.56-002846.5,0.588,0.588,0.5874999762,0.5862087433,,325.3482083,-0.4796111111,45.33,0.02,44.36160812,0.01741366814,,,44.36160812,0.01741366814,0.92,0.055,343,103,143,382,148,165,665,180,187,2.822821645,0.1223489281,0.88,0.0899,326,117,163,347,136,177,558,149,132
1794587,J215949.01+00104.8,215949.01+001004.7,0.271,0.271673,0.271299988,0.2701930754,,329.9542083,0.168,45.34,0,44.36954446,0.003964005768,,,44.36954446,0.003964005768,0.9,0.1348,530,78,90,552,78,84,500,37,32,2.698970004,0.03016532064,0.86,0.0917,670,114,108,704,118,107,377,23,25
1849353,J214723.28-001453.2,214723.28-001453.1,0.971,0.969844,0.9697999954,0.9675973596,,326.847,-0.2481111111,46.24,0,45.53172252,0.003514407586,,,45.53172252,0.003514407586,0.93,0.1182,1319,276,195,1396,355,338,1985,328,239,3.297760511,0.06390613725,0.9,0.0464,1371,240,264,1406,305,304,906,211,284
1851221,J214143.87+002131.3,214143.87+002131.2,0.553,0.553,0.5526999831,0.5512437407,,325.4327917,0.3586944444,45.11,0.04,44.13965902,0.03895370055,,,44.13965902,0.03895370055,0.89,0.1826,491,114,117,509,147,155,509,138,218,2.706717782,0.1460802506,0.94,0.0144,474,112,119,493,147,163,488,149,169
1899407,J215436.05+00417.4,215436.04+004107.4,0.852,0.852,0.8519999981,0.8498588261,,328.6502083,0.6853888889,46.32,0,45.61106833,0.002314104744,,,45.61106833,0.002314104744,0.88,0.1278,859,276,249,915,331,488,782,260,308,2.893206753,0.1598779975,0.88,0.199,1017,299,375,,,,,,
1936593,J215711.86-003426.0,215711.85-003426.2,0.906,0.906,0.9060000181,0.9037940055,,329.2994167,-0.5738888889,45.16,0.03,44.4476841,0.02580324242,,,44.4476841,0.02580324242,0.82,0.1596,287,150,180,276,259,248,452,180,174,2.655138435,0.1810027146,0.84,0.1981,392,222,277,432,214,277,462,138,179
1943618,J215822.51+010748.7,215822.52+010748.8,0.569,0.569,0.5694000125,0.5671742429,,329.5937917,1.130194444,45.46,0.01,44.49412704,0.01372779568,,,44.49412704,0.01372779568,0.94,0.0044,372,65,48,406,65,59,504,58,91,2.702430536,0.06259105351,0.89,0,417,70,70,447,67,68,550,53,81
1968059,J214854.65+01017.3,214854.63+010107.2,0.82,0.82,0.8201000094,0.817913309,,327.2277083,1.018694444,46.31,0,45.60154516,0.002399373861,,,45.60154516,0.002399373861,0.82,0.0807,921,92,100,914,127,138,1007,57,54,3.003029471,0.02399588931,0.66,0.2,1263,380,146,1258,410,165,1268,25,26
1973788,J214956.74-001052.0,214956.72-001051.9,0.806,0.806,0.8069000244,0.8039311691,,327.4864167,-0.1811111111,46.18,0.01,45.46405265,0.01071781891,,,45.46405265,0.01071781891,0.75,0.0984,619,52,67,636,87,119,710,208,216,2.851258349,0.1329536348,0.8,0.108,1331,420,292,1331,414,297,1216,292,330
1976348,J215841.40-00157.9,215841.40-001507.7,1.457,1.457,1.457599998,1.454147926,,329.6725,-0.2521944444,46.92,0,46.20695457,0.001696077794,,,46.20695457,0.001696077794,0.95,0.1032,1737,217,289,1854,215,267,2015,57,111,3.30427505,0.01787528636,0.95,0.024,1982,247,229,2061,219,196,1985,34,86
1987777,J023824.38+00275.4,023824.37+002705.5,0.752,0.751233,0.7516999841,0.7499017266,,39.60158333,0.4515,45.52,0.01,44.81360796,0.009744734472,,,44.81360796,0.009744734472,0.91,0.1099,908,25,67,1060,352,464,1064,596,233,3.026941628,0.2213470615,0.88,0.051,1120,61,54,,,,,,
1988699,J02258.06+00177.1,022508.07+001707.2,0.527,0.527,0.52700001,0.5257570165,,36.28358333,0.2853055556,45.54,0.01,44.57528749,0.01259431443,,,44.57528749,0.01259431443,0.77,0.1749,472,101,226,481,121,233,326,118,254,2.5132176,0.2226823293,0.83,0.0401,422,108,197,432,138,222,429,187,221
1990653,J02225.38-004948.0,022205.37-004947.9,0.525,0.525,0.5249999762,0.5237447865,,35.52241667,-0.83,45.77,0,44.80320303,0.004887343167,,,44.80320303,0.004887343167,0.89,0.0075,394,67,76,402,85,89,452,102,45,2.655138435,0.07614417219,0.83,0.0505,467,110,115,478,135,133,547,64,76
2006717,J023112.12-002056.4,023112.11-002056.3,0.644,0.644,0.644200027,0.6427047158,,37.8005,-0.349,45.59,0.07,44.62385037,0.06609797708,,,44.62385037,0.06609797708,0.79,0.1615,415,159,283,616,273,556,587,205,126,2.768638101,0.1355130835,,,,,,,,,,,
2015961,J023927.07+010029.2,023927.06+010029.2,1.304,1.307876,1.30490005,1.306128556,,39.86279167,1.008111111,46.79,0.01,46.07422369,0.009227699745,,,46.07422369,0.009227699745,0.93,0.1275,1395,155,149,1385,203,227,1507,274,286,3.178113252,0.08130860648,0.94,0.0701,2001,278,357,2017,314,376,1570,165,160
2020749,J02257.94-003533.0,022507.93-003532.9,0.685,0.685,0.6845999956,0.6836322906,,36.28308333,-0.5925,45.82,0,44.84859224,0.004717476474,,,44.84859224,0.004717476474,0.73,0.1388,1165,513,328,1295,367,543,1195,244,323,3.077367905,0.1015456273,0.81,0.153,1507,269,459,1554,326,492,1110,321,228
2023374,J023518.31-000611.2,023518.30-000611.0,1.727,1.727,1.726999998,1.72489563,,38.82629167,-0.1031111111,46.44,0.01,45.728407,0.01422873926,,,45.728407,0.01422873926,0.79,0.1994,3346,323,353,3384,489,558,3408,398,331,3.532499586,0.04709448478,0.64,0.196,4068,570,923,4134,642,924,3681,208,315
2024309,J022214.38-001745.2,022214.38-001745.3,0.773,0.774487,0.7734000087,0.7730248875,,35.55991667,-0.2958888889,45.47,0.01,44.75570061,0.006771741468,,,44.75570061,0.006771741468,,,,,,,,,,,,#NUM!,#NUM!,0.91,0.008,419,71,60,427,82,79,436,77,47
2026951,J022432.02+001649.1,022432.02+001649.0,0.567,0.567106,0.5666999817,0.5658266428,,36.13341667,0.2803055556,45.26,0.04,44.29152866,0.04088341608,,,44.29152866,0.04088341608,,,,,,,,,,,,#NUM!,#NUM!,0.84,0.1047,331,195,209,,,,,,
2033841,J022157.82+000042.5,022157.81+000042.5,1.042,1.042,1.041399956,1.040313592,,35.49091667,0.01180555556,46.29,0.01,45.57566286,0.01000603436,,,45.57566286,0.01000603436,,,,,,,,,,,,#NUM!,#NUM!,0.72,0.1983,1142,288,307,1317,425,304,1484,124,136
2037747,J022614.47+001529.9,022614.46+001529.7,0.615,0.615,0.6150000095,0.6136926339,,36.56029167,0.2583055556,46.35,0.01,45.38457466,0.01447434253,,,45.38457466,0.01447434253,0.77,0.0521,737,84,132,775,119,169,771,236,267,2.887054378,0.1439217857,,,,,,,,,,,
2038880,J022222.80-000745.5,022222.80-000745.6,1.055,1.055,1.052999973,1.053306984,,35.595,-0.1293055556,45.65,0.01,44.93550904,0.01272333654,,,44.93550904,0.01272333654,0.81,0.1911,665,175,145,662,234,194,706,327,178,2.848804701,0.1839065275,0.85,0.0441,620,101,113,624,128,147,688,119,113
2043657,J023211.83+00082.4,023211.82+000802.2,0.432,0.431559,0.4316000044,0.4304351005,,38.04929167,0.134,45.38,0.01,44.41015141,0.006405010873,,,44.41015141,0.006405010873,0.96,0.0137,555,56,60,557,77,84,793,178,58,2.899273187,0.07052722215,0.78,0.0718,568,95,102,573,114,118,632,456,376
2046414,J022428.30-010655.4,022428.28-010655.3,1.196,1.196,1.197100043,1.194214966,,36.11791667,-1.115388889,46.17,0,45.45859702,0.004413554028,,,45.45859702,0.004413554028,,,,,,,,,,,,#NUM!,#NUM!,0.87,0.076,490,254,168,565,237,226,568,80,125
2048560,J02289.79-001525.9,022809.78-001526.0,0.502,0.502,0.5019999743,0.5007977184,,37.04079167,-0.2571944444,45.09,0.02,44.12271288,0.01466533835,,,44.12271288,0.01466533835,,,,,,,,,,,,#NUM!,#NUM!,0.75,0.1536,319,215,200,333,273,260,371,192,164
2050256,J023918.70-011521.2,023918.70-011521.0,0.375,0.375,0.3750999868,0.3739662714,,39.82791667,-1.255888889,45.44,0,44.47133902,0.004025056403,,,44.47133902,0.004025056403,0.68,0.0689,254,82,152,258,88,157,275,105,116,2.439332694,0.180863918,0.67,0.0899,347,116,101,349,119,108,376,35,56
2054973,J022047.28+003659.8,022047.29+003659.5,1.199,1.199,1.198600054,1.19717043,,35.197,0.6166111111,46.53,0,45.81630412,0.003117119268,,,45.81630412,0.003117119268,0.89,0.1204,1957,162,148,1961,410,420,1719,398,707,3.235275877,0.1319939895,0.85,0.069,2018,288,259,2038,451,419,1812,127,215
2058046,J022435.59-001354.1,022435.59-001353.9,0.748,0.748,0.7473000288,0.7465756983,,36.14829167,-0.2316944444,45.79,0,45.0802078,0.003828032437,,,45.0802078,0.003828032437,0.78,0.1545,688,74,108,720,102,144,704,109,373,2.847572659,0.1288493688,,,,,,,,,,,
2060780,J02321.08+002444.6,023201.08+002444.5,0.633,0.633,0.6330000162,0.6317156027,,38.0045,0.4123888889,45.28,0.05,44.31521903,0.04932718258,,,44.31521903,0.04932718258,0.82,0.0444,283,99,93,314,152,144,369,128,146,2.567026366,0.1648950932,0.77,0.11,245,196,191,286,221,239,443,195,210
2067058,J023146.49+002740.7,023146.48+002740.7,1.499,1.499,1.49969995,1.497031682,,37.94370833,0.4613055556,46.22,0.01,45.51344124,0.005988165198,,,45.51344124,0.005988165198,0.89,0.1508,1436,169,246,1423,245,337,1431,589,318,3.155639634,0.158738859,0.68,0.19,1125,133,267,1126,142,228,1319,238,336
2069098,J022841.09+003049.7,022841.08+003049.4,0.719,0.719,0.7189000249,0.7176242361,,37.17120833,0.5138055556,46.14,0,45.42867567,0.003308113789,,,45.42867567,0.003308113789,0.72,0.1905,867,273,263,1085,334,273,1256,62,101,3.098989639,0.02778776043,0.68,0.1972,936,221,206,1053,241,225,1508,47,64
2069441,J023655.70+003650.0,023655.71+003650.1,0.874,0.874,0.8741000295,0.8725630871,,39.23208333,0.6138888889,45.68,0.01,44.96728421,0.008324978135,,,44.96728421,0.008324978135,0.89,0.0728,712,137,133,926,172,208,871,130,156,2.940018155,0.07087611781,0.75,0.109,783,140,243,1027,279,426,1139,268,258
2116040,J023729.35+011254.0,023729.34+011253.8,0.6,0.6,0.600300014,0.5987746238,,39.37229167,1.215,45.46,0.02,44.49659192,0.01713813075,,,44.49659192,0.01713813075,0.92,0.0522,596,134,165,623,170,200,564,127,73,2.751279104,0.08182899768,0.89,0.0987,539,155,157,570,170,179,405,111,239
2138001,J022838.62+003320.2,022838.62+003320.1,0.768,0.769203,0.7688999772,0.7677865804,,37.16091667,0.5556111111,45.56,0.02,44.84408748,0.0176138823,,,44.84408748,0.0176138823,0.78,0.0256,200,113,147,249,168,244,274,76,81,2.437750563,0.1267815814,0.64,0.0862,367,209,329,478,271,410,559,281,330
2149795,J213818.96+011222.3,213818.97+011222.4,0.344,0.344,0.3440999985,0.3424869769,,324.579,1.206194444,45.69,0,44.72310858,0.0028343796,,,44.72310858,0.0028343796,0.71,0.1637,248,135,113,268,203,127,319,93,81,2.503790683,0.1239757761,0.71,0.1218,435,208,147,463,216,140,609,112,39
2168785,J213619.37+004131.9,213619.35+004131.7,2.03,2.03,2.030900002,2.026605378,,324.0807083,0.6921944444,47.23,0.01,46.65088969,0.006292725939,,,46.65088969,0.006292725939,0.93,0.1347,2073,352,301,2176,753,1102,2050,674,451,3.311753861,0.1297476289,,,,,,,,,,,
2172986,J212724.34+004718.2,212724.32+004718.2,0.716,0.716,0.7156000137,0.7141115532,,321.8514167,0.7883888889,46.6,0,45.88339639,0.001149551163,,,45.88339639,0.001149551163,0.87,0.1538,2059,189,226,2186,255,272,2370,72,56,3.374748346,0.01177038609,0.75,0.2,2475,470,771,2955,636,582,3405,891,317
2200878,J213653.83-010026.3,213653.82-010026.3,1.148,1.148,1.147799969,1.145600539,,324.2242917,-1.007305556,46.31,0,45.60059204,0.003889473456,,,45.60059204,0.003889473456,0.63,0.1869,2048,627,709,2296,792,584,2411,505,428,3.38219721,0.08652124811,0.83,0.123,1387,234,300,1482,286,366,1264,154,201
2215141,J212916.54-005031.9,212916.52-005032.0,0.374,0.374,0.3736000061,0.3724877877,,322.3189167,-0.8421944444,45.06,0.01,44.09438713,0.006357339494,,,44.09438713,0.006357339494,0.81,0.0457,202,116,128,266,139,136,224,49,49,2.350248018,0.09656229918,0.72,0.1426,314,150,176,344,165,183,448,251,195
2230470,J212822.73-000135.0,212822.73-000135.1,0.996,0.996,0.9962000251,0.9938028973,,322.0947083,-0.02638888889,46.41,0,45.69435015,0.003532426291,,,45.69435015,0.003532426291,0.81,0.1996,2082,1170,432,2417,621,379,1448,160,320,3.160768562,0.06878319883,0.77,0.175,2230,288,289,2285,301,311,1970,84,80
2288744,J21317.44-001229.2,213107.44-001229.0,0.745,0.745,0.7448999882,0.7430690262,,322.781,-0.2081111111,45.95,0.01,45.23377872,0.006450778611,,,45.23377872,0.006450778611,0.83,0.0718,560,125,93,597,107,179,670,112,54,2.826074803,0.05655218363,0.63,0.174,692,204,136,747,231,90,811,325,283
2302601,J21287.94-010628.4,212807.93-010628.5,1.099,1.099,1.099699974,1.09669705,,322.0330833,-1.107888889,46.33,0,45.61456712,0.003756326148,,,45.61456712,0.003756326148,0.89,0.074,751,217,165,1173,352,425,1418,344,206,3.151676231,0.08979087177,,,,,,,,,,,
2319589,J212359.11+002845.1,212359.10+002845.0,1.858,1.859413,1.85769999,1.856291624,,320.9962917,0.4791944444,47.11,0,46.39716834,0.002923400852,,,46.39716834,0.002923400852,0.91,0.1894,1508,404,417,2046,515,519,2308,306,292,3.363235804,0.05675463741,,,,,,,,,,,
2355391,J212556.26+004539.2,212556.26+004539.3,0.281,0.281,0.2811999917,0.2795947878,,321.4844167,0.7608888889,45.08,0.01,44.10994758,0.009520625764,,,44.10994758,0.009520625764,0.9,0.016,238,81,68,242,91,74,272,105,156,2.434568904,0.2043636489,0.91,0.0059,326,89,77,316,81,74,354,145,110
2447561,J21304.75-010244.5,213004.75-010244.4,0.704,0.704,0.7039999962,0.7021224584,,322.5197917,-1.045694444,46.13,0,45.41426631,0.003903014481,,,45.41426631,0.003903014481,0.92,0.1144,831,200,177,966,200,210,1435,165,125,3.156851901,0.0446604387,0.93,0.0486,975,188,227,1045,220,286,1031,246,112
2448723,J21243.31-000712.0,212403.30-000711.9,1.265,1.268977,1.264199972,1.266503219,,321.0137917,-0.12,46.32,0.01,45.60779697,0.014355866,,,45.60779697,0.014355866,0.83,0.0658,1306,224,601,1652,520,666,2223,356,345,3.346939463,0.06922535072,0.84,0.175,1405,315,646,1558,433,607,1054,168,143
2461157,J212838.21-001443.4,212838.20-001443.4,0.495,0.494667,0.4950000048,0.4930217108,,322.1592083,-0.2453888889,45.38,0.01,44.41095085,0.009801077265,,,44.41095085,0.009801077265,0.91,0.0077,552,86,103,555,109,157,559,109,122,2.747411808,0.08996729907,0.86,0.1228,655,223,183,671,220,200,922,250,85
2464194,J213958.27-010622.7,213958.26-010622.6,1.046,1.043936,1.043200016,1.04164012,,324.9927917,-1.106305556,46.75,0,46.03632475,0.001299058373,,,46.03632475,0.001299058373,0.96,0.1878,1980,307,188,2107,302,172,2232,48,55,3.34869419,0.01000676529,,,,,,,,,,,
2464449,J213520.50-010318.4,213520.51-010318.3,0.794,0.794,0.7933999896,0.7920022631,,323.8354167,-1.055111111,46.17,0.01,45.45662343,0.009396435183,,,45.45662343,0.009396435183,0.92,0.1534,1043,155,123,1087,164,132,771,88,170,2.887054378,0.06958445987,0.92,0.1067,1097,178,183,1122,178,195,1085,70,48
2482104,J024135.69-000858.6,024135.69-000858.6,0.822,0.821846,0.8223999739,0.8204882956,,40.39870833,-0.1496111111,45.76,0,45.04913132,0.00506802596,,,45.04913132,0.00506802596,0.87,0.1007,432,128,146,488,150,174,611,73,78,2.78604121,0.05371847312,0.9,0.0583,445,123,98,469,124,119,511,100,130
2484608,J025654.43-011455.3,025654.42-011455.4,0.542,0.540956,0.5422000289,0.5399145791,,44.22679167,-1.248694444,45.57,0.01,44.60252544,0.009117891637,,,44.60252544,0.009117891637,0.95,0.0327,375,102,143,398,152,181,669,380,191,2.825426118,0.2368003042,0.88,0.1946,554,212,164,579,259,239,1072,268,173
2489292,J024053.33+00118.9,024053.32+001108.8,1.012,1.012,1.011700034,1.010492833,,40.22220833,0.1858055556,45.43,0.02,44.71506082,0.01871631931,,,44.71506082,0.01871631931,0.96,0.0175,439,93,303,733,272,269,723,120,216,2.859138297,0.09617414006,0.94,0.0401,469,102,188,607,181,320,755,183,247
2489918,J024327.96+005555.2,024327.95+005555.1,0.75,0.75,0.7497000098,0.7487049795,,40.8665,0.932,44.55,0.03,43.84255987,0.03239514667,,,43.84255987,0.03239514667,0.76,0.1318,247,145,133,278,189,186,376,225,251,2.575187845,0.3091452968,0.66,0.1253,453,316,235,466,326,237,642,334,423
2490331,J025957.86+003454.1,025957.85+003454.2,0.82,0.82,0.8198999763,0.8187859077,,44.99108333,0.5816944444,45.99,0,45.28123782,0.002458175261,,,45.28123782,0.002458175261,0.85,0.198,1087,281,509,1166,357,660,678,152,357,2.831229694,0.1469773028,0.74,0.169,898,289,695,973,349,785,841,219,399
2497212,J025928.51-001959.9,025928.51-001959.9,2.001,1.999607,2.000099897,1.997606512,,44.86879167,-0.3333055556,47.64,0,47.06228367,0.004442679072,,,47.06228367,0.004442679072,0.84,0.1846,3001,170,207,3150,232,218,3106,172,187,3.492201451,0.0250658106,0.8,0.175,2788,464,248,2904,443,342,3366,328,256
2507526,J024141.52+000416.7,024141.52+000416.6,0.648,0.648,0.6484000087,0.6467715797,,40.423,0.07130555556,45.74,0.01,44.77685777,0.01179304287,,,44.77685777,0.01179304287,0.84,0.1661,636,125,116,635,142,169,964,217,195,2.984077034,0.09538141707,0.7,0.195,715,169,166,709,182,179,315,158,132
2512532,J025313.99-00392.5,025313.99-003902.5,0.889,0.890493,0.8895000219,0.8891815331,,43.30829167,-0.6506944444,45.86,0.02,45.14442196,0.02039920759,,,45.14442196,0.02039920759,0.84,0.1354,273,102,97,315,239,151,504,102,127,2.702430536,0.09790165308,0.84,0.0832,276,195,139,330,209,165,537,124,185
2512776,J024710.08+003110.9,024710.08+003110.8,1.302,1.300091,1.300500035,1.298427679,,41.792,0.5196944444,46.2,0,45.48980376,0.004718170332,,,45.48980376,0.004718170332,0.79,0.1605,540,238,163,641,256,227,1020,233,110,3.008600172,0.07855185556,0.92,0.0517,655,147,114,715,185,135,861,119,92
2514886,J024157.14+00073.7,024157.15+000703.5,1.564,1.564,1.56340003,1.562091312,,40.48808333,0.1176944444,46.68,0.01,45.96878428,0.00592045264,,,45.96878428,0.00592045264,0.93,0.0495,1512,176,193,1569,254,311,1421,357,234,3.152594078,0.09592818508,0.79,0.1982,1899,410,531,2019,466,852,1661,332,692
2515171,J024928.87+010924.8,024928.86+010924.6,0.954,0.954,0.954400003,0.9526034901,,42.37029167,1.156888889,46.32,0,45.60406898,0.004124163364,,,45.60406898,0.004124163364,0.92,0.0361,905,91,93,967,119,126,1002,91,73,3.000867722,0.03594504364,0.9,0.0545,1005,121,112,1024,122,116,1185,55,91
2517911,J025716.87-004536.0,025716.86-004536.1,1.029,1.029,1.028300047,1.027629332,,44.32029167,-0.76,45.94,0,45.22434624,0.003220402693,,,45.22434624,0.003220402693,0.86,0.1408,516,184,197,540,258,304,584,415,451,2.766412847,0.3935268226,0.9,0.0515,622,140,161,600,295,250,680,386,270
2528730,J025432.52-004220.2,025432.52-004220.0,0.434,0.434,0.4339999855,0.4330136814,,43.6355,-0.7056111111,45.75,0.01,44.78099096,0.006731619842,,,44.78099096,0.006731619842,0.9,0.1349,531,86,173,608,108,160,577,33,86,2.761175813,0.04295731435,0.88,0.1469,613,113,162,669,121,138,618,54,65
2536544,J025547.06+003815.0,025547.06+003814.9,0.92,0.92,0.9200000167,0.9186832161,,43.94608333,0.6375,46.16,0,45.44577765,0.005190968672,,,45.44577765,0.005190968672,0.88,0.0938,907,99,82,1016,128,124,1136,160,39,3.055378331,0.04029402447,0.87,0.176,1050,151,164,1116,146,210,1106,89,149
2536996,J02511.01+00482.9,025101.00+004802.9,0.828,0.827444,0.8281000257,0.8261516989,,42.75420833,0.8008055556,45.88,0.01,45.16924042,0.008789530946,,,45.16924042,0.008789530946,0.91,0.0602,456,160,145,543,180,135,612,158,130,2.786751422,0.1066740262,0.74,0.091,810,360,334,942,313,271,1181,80,57
2537962,J024240.97+002150.8,024240.96+002150.8,0.633,0.633,0.6324999928,0.6317883996,,40.67070833,0.3641111111,45.24,0.05,44.26908541,0.04574533501,,,44.26908541,0.04574533501,0.87,0.1318,504,106,135,623,189,200,428,70,215,2.631443769,0.1271639731,0.91,0.0735,563,93,114,620,123,134,626,182,163
2543315,J02567.25+011038.6,025607.25+011038.6,1.348,1.3481,1.34679997,1.346490055,,44.03020833,1.177388889,46.65,0,45.93991682,0.002422637909,,,45.93991682,0.002422637909,0.96,0.0118,959,169,202,1194,248,237,1333,284,168,3.124830149,0.07780260202,0.88,0.091,1217,240,221,1345,289,247,1601,162,124
2546693,J024954.50+010148.0,024954.49+010148.1,0.585,0.585,0.5853999853,0.5838706266,,42.47708333,1.03,45.64,0,44.66871926,0.004787519471,,,44.66871926,0.004787519471,0.88,0.082,448,96,120,688,252,250,648,147,112,2.811575006,0.09048793321,,,,,,,,,,,
2552360,J02463.67-003211.8,024603.68-003211.7,1.598,1.598,1.60010004,1.596116018,,41.51529167,-0.5366111111,46.85,0,46.13377856,0.002799996096,,,46.13377856,0.002799996096,0.8,0.1932,1902,338,171,1893,296,153,1943,80,64,3.288472801,0.0161672588,0.72,0.1975,1805,497,360,1857,353,267,1737,94,97
2555100,J024441.42+011434.4,024441.41+011434.5,0.546,0.547207,0.546299994,0.5460689938,,41.17258333,1.242888889,45.75,0.01,44.78119905,0.00801528799,,,44.78119905,0.00801528799,0.91,0.0412,322,87,84,391,117,115,630,232,155,2.799340549,0.1474932923,0.87,0.1107,456,116,126,524,142,152,821,190,239
2555674,J024016.78-004352.0,024016.78-004351.9,3.331,3.331,3.331700087,3.327755143,,40.06991667,-0.7311111111,47.32,0.01,46.74120257,0.009483849956,,,46.74120257,0.009483849956,0.77,0.19932,4397,54,159,4432,96,251,4337,853,268,3.637189422,0.0605757441,,,,,,,,,,,
2557716,J025156.30+00576.5,025156.30+005706.5,0.471,0.470148,0.4708999991,0.4691137452,,42.98458333,0.9518055556,45.51,0.03,44.54541822,0.0309569102,,,44.54541822,0.0309569102,0.92,0.0662,974,116,119,988,134,140,976,69,18,2.989449818,0.01988954867,0.94,0.0288,1106,130,122,1120,128,116,985,12,22
2563437,J024425.39-004653.0,024425.39-004653.0,0.936,0.935653,0.9365000129,0.9342370564,,41.10579167,-0.7813888889,46.1,0.01,45.39180108,0.007655419914,,,45.39180108,0.007655419914,0.95,0.0405,766,118,112,785,111,118,702,78,38,2.846337112,0.03702356502,0.81,0.1862,965,232,234,1012,237,243,708,80,104
2566864,J024240.32+005727.0,024240.31+005727.1,0.569,0.569,0.5691000223,0.567833531,,40.668,0.9575,46.62,0,45.65273901,0.005409038191,,,45.65273901,0.005409038191,0.71,0.1884,1709,178,191,2448,426,407,2055,38,71,3.312811826,0.01142868099,0.69,0.199,2312,472,404,2441,374,332,2911,296,63
2578827,J024556.52-000357.2,024556.52-000357.3,1.003,1.003,1.002500057,1.001543954,,41.4855,-0.06588888889,45.92,0.01,45.21073925,0.008084703296,,,45.21073925,0.008084703296,0.71,0.1123,264,116,88,292,105,96,361,64,28,2.557507202,0.058596576,0.7,0.073,625,109,68,624,107,61,610,26,101
2582316,J024533.67-000745.1,024533.66-000745.0,0.654,0.654,0.6538000107,0.6527952263,,41.39029167,-0.1291944444,45.63,0.08,44.6623397,0.07655186153,,,44.6623397,0.07655186153,0.91,0.1416,679,91,98,728,130,157,663,11,15,2.821513528,0.008491049068,0.91,0.0763,800,76,117,814,83,146,1000,10,7
2587687,J02487.70+003552.1,024807.71+003552.0,0.832,0.832,0.8324999809,0.8306824177,,42.03208333,0.5978055556,45.79,0,45.07825159,0.003772989763,,,45.07825159,0.003772989763,0.76,0.0753,312,98,108,370,239,427,363,175,197,2.559906625,0.2370150889,0.7,0.1265,584,236,238,604,300,262,621,241,292
2591763,J024026.93+004922.8,024026.93+004922.7,0.96,0.96,0.9616000056,0.958525047,,40.11220833,0.823,45.76,0.01,45.04315167,0.0109932148,,,45.04315167,0.0109932148,0.91,0.1388,741,120,97,827,149,167,915,86,67,2.961421094,0.03677847862,0.92,0.1556,744,149,130,790,153,143,924,65,67
2598355,J024442.77-004223.0,024442.77-004223.2,0.628,0.628,0.6279000044,0.6268107835,,41.17820833,-0.7063888889,45.48,0.02,44.51594807,0.01472423657,,,44.51594807,0.01472423657,0.85,0.1849,191,120,203,235,145,206,377,130,144,2.57634135,0.162070385,,,,,,,,,,,
2608700,J025356.81-001124.0,025356.81-001123.8,0.756,0.756,0.7563999891,0.754785166,,43.48670833,-0.19,45.83,0.01,45.11512551,0.005682079711,,,45.11512551,0.005682079711,0.78,0.1683,832,150,169,853,164,219,1011,23,13,3.004751156,0.007771506026,0.79,0.1334,1247,373,105,1260,225,85,1330,28,18
2610214,J024514.02-003535.5,024514.00-003535.5,1.004,1.004,1.003600001,1.002539966,,41.30841667,-0.5931944444,45.81,0.01,45.10069691,0.01315717624,,,45.10069691,0.01315717624,0.84,0.189,449,105,122,520,122,159,641,55,38,2.80685803,0.03198607913,,,,,,,,,,,
2612294,J025844.23-005512.7,025844.24-005512.7,0.904,0.904,0.9042999744,0.9027269619,,44.68429167,-0.9201944444,45.87,0.01,45.15393001,0.008085009519,,,45.15393001,0.008085009519,0.82,0.1206,850,204,342,832,215,372,468,50,48,2.670245853,0.04573670993,0.8,0.1932,904,304,411,875,282,444,579,99,193
2635280,J210839.74-004816.9,210839.73-004816.8,0.589,0.589,0.5888000131,0.5873334757,,317.1655833,-0.8046944444,45.63,0.01,44.6590565,0.01445494758,,,44.6590565,0.01445494758,0.93,0.1449,452,131,147,461,140,151,619,132,125,2.791690649,0.09202198717,0.91,0.0421,505,222,132,520,222,139,699,160,104
2638307,J211848.07+003525.1,211848.06+003525.2,1.499,1.499,1.50090003,1.496303374,,319.7002917,0.5903055556,46.53,0.02,45.81683635,0.01720332449,,,45.81683635,0.01720332449,0.88,0.1322,551,280,428,1333,767,489,1582,640,399,3.199206479,0.1614167864,0.91,0.0536,962,381,335,1174,339,369,1394,318,265
2717874,J210633.29+011337.9,210633.28+011338.0,0.423,0.423,0.4230999947,0.4215085027,,316.6387083,1.227194444,45.28,0.01,44.31585757,0.0113245172,,,44.31585757,0.0113245172,0.99,0.0131,228,146,102,225,149,109,342,143,86,2.534026106,0.1662953463,0.96,0.0048,350,125,107,347,143,117,397,52,121
2751255,J211035.52+002255.6,211035.51+002255.4,0.444,0.444,0.4436999857,0.4424734346,,317.648,0.3821111111,45.26,0.01,44.29816502,0.007978223618,,,44.29816502,0.007978223618,,,,,,,,,,,,#NUM!,#NUM!,0.82,0.0575,537,203,219,548,238,242,539,241,192
2756096,J21041.99+002249.4,210401.99+002249.2,1.003,1.003,1.003299952,1.000918674,,316.0082917,0.3803888889,46.54,0,45.83181744,0.002741417977,,,45.83181744,0.002741417977,0.93,0.1574,626,217,218,997,295,313,1496,169,257,3.174931594,0.06045549661,0.84,0.1543,905,299,355,1367,458,449,1771,180,279
2823508,J21074.94-011044.0,210704.93-011044.0,1.345,1.347434,1.344400048,1.344984774,,316.7705833,-1.178888889,46.42,0,45.70386609,0.003026741804,,,45.70386609,0.003026741804,0.8,0.1672,2070,338,433,2433,570,690,2592,486,423,3.413634997,0.07791447481,0.84,0.198,3054,542,691,3284,679,875,3089,136,106
2928764,J21075.90+004430.8,210705.90+004430.9,0.926,0.926,0.9261999726,0.9239805313,,316.7745833,0.7418888889,46.21,0,45.49857669,0.004396827613,,,45.49857669,0.004396827613,0.83,0.1593,571,125,151,661,183,247,1067,303,277,3.028164419,0.1226529551,0.78,0.1806,804,163,232,866,184,286,754,102,161
2932743,J211423.40-011111.0,211423.40-011111.0,1.278,1.279799,1.278499961,1.277375645,,318.5975,-1.186388889,46.4,0.01,45.68627822,0.006586251071,,,45.68627822,0.006586251071,0.84,0.1047,823,92,88,821,204,166,878,139,135,2.943494516,0.06848250348,0.93,0.002,800,84,91,820,311,336,819,131,115
2950142,J21081.27-001737.3,210801.28-001737.4,0.927,0.927,0.9269000292,0.9249796333,,317.0052917,-0.2936944444,45.9,0,45.18592538,0.0042168362,,,45.18592538,0.0042168362,0.87,0.0676,224,134,192,221,190,221,264,113,112,2.421603927,0.1981054488,0.85,0.094,218,214,259,,,,,,
2989359,J211940.73-002816.0,211940.73-002815.9,0.879,0.879,0.8787000179,0.8769734004,,319.9197083,-0.4711111111,46.04,0.01,45.32303053,0.008558317329,,,45.32303053,0.008558317329,0.91,0.0585,329,128,165,389,351,383,439,322,397,2.64246452,0.4270102078,0.86,0.1853,914,563,360,1042,671,426,1419,450,327
3005409,J210829.59+003551.7,210829.58+003551.7,0.707,0.707,0.706700027,0.7052042095,,317.1232917,0.5976944444,45.84,0,45.12480664,0.003429670809,,,45.12480664,0.003429670809,0.93,0.1724,501,152,130,1293,600,503,1666,772,371,3.221674997,0.1788267551,0.87,0.15,1276,198,276,1359,239,307,1020,166,332
3039394,J030011.93+003527.6,030011.92+003527.5,0.42,0.420046,0.4203000069,0.4191001692,,45.04970833,0.591,45.39,0.01,44.42050259,0.007021150802,,,44.42050259,0.007021150802,,,,,,,,,,,,#NUM!,#NUM!,0.74,0.1978,680,422,354,808,415,289,1084,87,143
3042111,J030048.94+005440.7,030048.93+005440.7,0.662,0.662,0.6618999839,0.660896308,,45.20391667,0.9113055556,45.95,0.01,44.98394133,0.01185120243,,,44.98394133,0.01185120243,0.98,0.0326,498,109,116,708,142,177,831,38,35,2.919601024,0.01912235235,0.9,0.0665,826,153,197,1002,195,199,1038,42,25
3063641,J030044.42-003820.8,030044.43-003820.6,0.598,0.598,0.5999000072,0.5969446412,,45.18508333,-0.6391111111,45.34,0.03,44.36821085,0.0263447047,,,44.36821085,0.0263447047,0.73,0.1462,378,99,150,393,134,175,420,147,157,2.62324929,0.1625065831,,,,,,,,,,,
3108961,J030041.78+003237.7,030041.77+003237.6,1.11,1.11,1.110000014,1.108599575,,45.17408333,0.5438055556,46.26,0.01,45.54433648,0.00914557572,,,45.54433648,0.00914557572,0.85,0.1297,609,132,140,712,230,311,863,381,358,2.936010796,0.2018343129,0.92,0.0121,580,145,117,606,161,134,701,149,125
3148297,J030220.33-002222.8,030220.31-002222.7,0.705,0.705,0.7049999833,0.7038850074,,45.58470833,-0.373,45.96,0,45.25007748,0.002634627055,,,45.25007748,0.002634627055,0.8,0.194,534,253,273,543,270,291,542,111,125,2.733999287,0.09482428188,0.89,0.048,989,183,87,986,162,74,828,100,123
3876021,J234141.50-00386.7,234141.50-003806.6,0.319,0.319073,0.3192999959,0.3174757106,,355.4229167,-0.6351944444,45.65,0,44.68392175,0.001430108752,,,44.68392175,0.001430108752,0.82,0.0169,197,85,97,188,185,153,211,138,99,2.324282455,0.3140194169,,,,,,,,,,,
3882540,J234442.96-001339.4,234442.95-001339.5,1.346,1.346,1.346300006,1.343161722,,356.179,-0.2276111111,47.2,0,46.4921981,0.001325300203,,,46.4921981,0.001325300203,0.82,0.1928,1359,202,231,1708,250,326,1795,162,44,3.254064453,0.02579777225,0.94,0.033,1246,107,214,1353,122,195,1437,23,29
3891780,J235552.27+01000.0,235552.28+005959.8 ,1.192,1.192,1.193500042,1.189363233,,358.9677917,1,46.69,0.01,45.97600007,0.01231562336,,,45.97600007,0.01231562336,0.7,0.124,743,216,390,695,212,296,456,46,191,2.658964843,0.09906021197,,,,,,,,,,,
3902668,J234336.98-00553.7,234336.98-005503.5,0.516,0.516,0.5160999894,0.5141675721,,355.9040833,-0.9176944444,45.22,0.02,44.2486137,0.0218755296,,,44.2486137,0.0218755296,0.74,0.1815,960,135,179,998,196,291,1142,286,139,3.057666104,0.08753768253,0.76,0.149,834,223,190,869,231,203,1137,81,93
3902909,J234440.03-003231.6,234440.03-003231.6,0.503,0.501552,0.5027999878,0.4997366038,,356.1667917,-0.5421111111,46.04,0,45.0765426,0.002761388156,,,45.0765426,0.002761388156,0.68,0.1622,434,144,199,450,139,189,576,79,48,2.760422483,0.04941410047,,,,,,,,,,,
3905131,J234019.82-00598.2,234019.82-005908.3,0.312,0.312,0.3127000034,0.3104113954,,355.0825833,-0.9856111111,45.11,0.01,44.13935323,0.00662692175,,,44.13935323,0.00662692175,0.75,0.1549,364,111,127,423,138,163,247,71,111,2.392696953,0.1541851794,0.82,0.0967,435,129,160,485,165,183,463,243,269
3908151,J235545.53+004923.2,235545.51+004923.1,0.556,0.556,0.5554999709,0.5541287254,,358.9397083,0.8231111111,45.64,0.01,44.67309145,0.01391439251,,,44.67309145,0.01391439251,0.9,0.0056,296,65,51,369,86,60,405,48,89,2.607455023,0.07052936641,0.94,0.0139,382,73,77,452,80,81,485,42,49
3909370,J234445.14+002655.7,234445.14+002655.7,0.524,0.522833,0.523999989,0.5209880294,,356.1880833,0.4488055556,45.53,0.01,44.5601472,0.008789082493,,,44.5601472,0.008789082493,0.76,0.1558,311,105,113,343,121,129,534,88,71,2.727541257,0.06621025797,0.75,0.1252,297,134,151,335,162,147,513,68,88
3925045,J234231.06+000618.4,234231.06+000618.2,1.303,1.303,1.301599979,1.300208,,355.6294167,0.1051111111,46.61,0,45.90112706,0.00281862764,,,45.90112706,0.00281862764,0.79,0.1827,2547,479,326,2402,441,490,2527,503,228,3.402605242,0.06695554751,0.89,0.02,2107,114,173,2094,139,226,2007,74,189
3926683,J235735.86-000131.8,235735.86-000131.8,1.083,1.082496,1.082900047,1.079999857,,359.3994167,-0.0255,45.9,0.01,45.18790978,0.009268864566,,,45.18790978,0.009268864566,0.8,0.1848,1209,335,253,1259,420,319,1471,292,299,3.167612673,0.08822973063,0.84,0.1809,1145,350,379,1171,409,399,1537,296,407
3933992,J235832.42-003240.9,235832.43-003240.9,1.017,1.016069,1.016499996,1.013657338,,359.6350833,-0.5446944444,46.18,0,45.4642366,0.003660664629,,,45.4642366,0.003660664629,0.78,0.1697,454,170,155,480,261,180,604,192,137,2.781036939,0.127460496,0.85,0.065,829,139,153,811,146,184,1140,382,182
3936619,J23551.78-010824.7,235501.78-010824.8,1.085,1.085,1.086300015,1.082501874,,358.7574167,-1.140194444,46.07,0,45.35660004,0.003636098481,,,45.35660004,0.003636098481,0.87,0.1213,646,129,199,721,282,343,1065,324,420,3.027349608,0.1509541228,0.81,0.161,980,360,334,1083,400,356,1390,159,230
3938571,J234439.00-00264.9,234438.99-002604.7,0.566,0.566,0.565500021,0.5641061978,,356.1625,-0.4346944444,45.85,0,44.88390603,0.005305337044,,,44.88390603,0.005305337044,0.96,0.1429,501,115,141,572,126,163,474,59,66,2.675778342,0.05717283156,0.68,0.1996,830,251,335,931,282,292,1104,62,40
3943941,J234252.37-003915.1,234252.36-003915.2,0.404,0.404,0.4041000009,0.4023011199,,355.7182083,-0.6541944444,45.33,0.01,44.36592044,0.009805853909,,,44.36592044,0.009805853909,0.65,0.0877,312,83,72,320,92,83,338,133,105,2.5289167,0.1673249326,,,,,,,,,,,
3944719,J23437.39+003854.6,234307.38+003854.7,0.666,0.666,0.6660000086,0.6639787565,,355.7807917,0.6485,45.5,0.07,44.5371265,0.06801910907,,,44.5371265,0.06801910907,0.8,0.2,336,111,111,357,199,286,504,297,282,2.702430536,0.2897261003,,,,,,,,,,,
3947319,J234840.06+010753.4,234840.05+010753.5,0.718,0.71873,0.7184000015,0.7166504338,,357.1669167,1.1315,45.98,0.01,45.27341957,0.006045087536,,,45.27341957,0.006045087536,0.84,0.166,1239,501,258,1500,241,377,1483,66,130,3.171141151,0.02813225857,0.93,0.0441,1542,148,311,1591,145,361,1211,28,35
3952975,J23578.88+00072.3,235708.87+000702.2,0.578,0.578,0.5784000158,0.5761072324,,359.287,0.1173055556,45.59,0.02,44.62511089,0.02149953623,,,44.62511089,0.02149953623,0.83,0.1471,693,226,431,978,472,451,1390,229,231,3.1430148,0.07247539755,0.88,0.1591,875,153,209,920,204,297,1218,113,68
3958251,J235535.18-001516.6,235535.18-001516.5,0.714,0.714,0.7141000032,0.7119430165,,358.8965833,-0.2546111111,45.48,0.01,44.76802657,0.00986769894,,,44.76802657,0.00986769894,0.92,0.0616,366,97,80,440,116,94,546,89,147,2.737192643,0.09040851727,0.74,0.1982,468,172,147,558,205,171,766,107,164
3965959,J23596.98+01104.1,235906.98+011004.1,0.683,0.682887,0.6830000281,0.6808677941,,359.7790833,1.167805556,45.28,0.03,44.31784415,0.02636672592,,,44.31784415,0.02636672592,0.89,0.0145,221,85,77,259,98,94,363,123,162,2.559906625,0.1699740308,,,,,,,,,,,
3973305,J235251.19-001612.0,235251.17-001612.0,0.72,0.72,0.7203000188,0.7179312722,,358.2132917,-0.27,45.82,0.01,45.11088125,0.01000668704,,,45.11088125,0.01000668704,0.95,0.0054,554,119,101,576,123,124,724,68,56,2.859738566,0.03759538166,0.86,0.0184,757,186,236,779,195,258,825,49,67
3974944,J235826.16+011020.3,235826.16+011020.3,0.894,0.894212,0.894299984,0.8919378193,,359.609,1.172305556,46.04,0,45.3308408,0.004983562935,,,45.3308408,0.004983562935,0.89,0.1732,685,164,169,798,188,262,856,350,227,2.932473765,0.1652389699,0.87,0.1653,904,167,239,990,185,333,1189,251,134
3977589,J23434.25-003351.1,234304.24-003351.0,0.427,0.427,0.4273000062,0.4252731313,,355.7677083,-0.5641944444,45.28,0.01,44.31367523,0.007003415943,,,44.31367523,0.007003415943,0.7,0.0811,344,155,207,353,194,246,406,225,240,2.608526034,0.2762769716,0.75,0.0529,323,198,234,378,250,222,455,275,226
3998604,J23410.98+003316.9,234100.98+003316.9,1.078,1.077237,1.078699946,1.074714219,,355.2540833,0.5546944444,46.4,0,45.69044052,0.002141293605,,,45.69044052,0.002141293605,0.84,0.1333,1541,215,285,1581,280,351,780,215,458,2.892094603,0.1703360984,0.83,0.1861,1756,334,333,1829,427,406,1240,173,592
4000558,J23409.53-001655.9,234009.54-001656.0,1.034,1.034,1.033499956,1.031532898,,355.0397083,-0.2821944444,45.56,0.01,44.85161012,0.008532345661,,,44.85161012,0.008532345661,0.77,0.0457,431,126,134,458,252,251,442,221,319,2.645422269,0.2684961915,,,,,,,,,,,
4004643,J235917.04-011028.9,235917.02-011029.0,1.116,1.116,1.116899967,1.113474391,,359.821,-1.174694444,46.54,0,45.82743813,0.002513585444,,,45.82743813,0.002513585444,0.84,0.1956,851,185,279,954,248,382,751,88,146,2.875639937,0.06563945732,0.82,0.1104,1053,347,303,1131,398,370,1251,526,301
4034348,J002621.65+004121.8,002621.64+004121.7,0.982,0.982,0.9811000228,0.9796996707,,6.590208333,0.6893888889,45.79,0.01,45.07629303,0.006729799173,,,45.07629303,0.006729799173,,,,,,,,,,,,#NUM!,#NUM!,0.87,0.1701,1040,474,449,1064,448,410,781,317,303
4035501,J00349.91-002046.3,003409.90-002046.4,0.691,0.691,0.6904000044,0.6890654754,,8.541291667,-0.3461944444,45.61,0.03,44.64680958,0.03154847114,,,44.64680958,0.03154847114,0.87,0.0087,406,129,207,462,184,221,433,152,198,2.636487896,0.1756615197,0.89,0.0443,528,250,215,547,268,229,541,105,270
4035811,J003242.74+003110.9,003242.74+003110.9,0.362,0.36039,0.3614000082,0.3588269982,,8.178083333,0.5196944444,45.38,0,44.41061233,0.001340743277,,,44.41061233,0.001340743277,0.87,0.0807,168,78,83,225,101,92,368,105,65,2.565847819,0.1082660739,0.84,0.1199,239,100,96,288,122,106,428,50,52
4036159,J002057.31-001734.8,002057.31-001734.9,0.793,0.793153,0.7929999828,0.7910603571,,5.238791667,-0.293,45.69,0.01,44.97413864,0.00691676946,,,44.97413864,0.00691676946,0.86,0.0874,676,173,134,716,186,164,530,94,92,2.72427587,0.07715194771,0.83,0.129,634,193,139,643,190,144,759,167,261
4038725,J00374.42-005434.6,003704.41-005434.6,1.006,1.006,1.006100059,1.00371942,,9.268416667,-0.9096111111,45.8,0.01,45.08348459,0.007911009111,,,45.08348459,0.007911009111,0.93,0.0845,441,98,100,453,143,181,528,246,242,2.722633923,0.2181208084,0.89,0.0976,652,167,144,645,203,169,783,162,201
4047411,J003841.54+000226.5,003841.53+000226.6,0.65,0.65,0.6498000026,0.6481250654,,9.673083333,0.04069444444,45.43,0.04,44.45894908,0.04518859915,,,44.45894908,0.04518859915,0.94,0.046,414,172,168,398,191,190,299,148,117,2.475671188,0.2200581917,0.86,0.107,605,145,152,758,427,464,863,114,91
4065339,J003222.58-011217.6,003222.59-011217.7,0.485,0.485,0.4844999909,0.4832998684,,8.094083333,-1.204888889,45.15,0.01,44.17889138,0.01400255329,,,44.17889138,0.01400255329,0.93,0.0272,418,173,198,413,200,273,627,275,346,2.797267541,0.2207850884,0.93,0.0227,469,171,218,482,190,248,535,145,237
4071505,J003413.06-010027.0,003413.04-010026.9,1.292,1.292,1.292199969,1.289382443,,8.554416667,-1.0075,47.12,0,46.40548239,0.001685568528,,,46.40548239,0.001685568528,0.67,0.1927,3366,563,342,3433,569,574,3285,362,409,3.516535374,0.05083403787,0.78,0.19,3398,477,461,3444,563,553,3480,223,291
4072331,J002311.06+003517.5,002311.06+003517.5,0.422,0.422185,0.4219000041,0.4205271975,,5.796083333,0.5881944444,45.48,0.01,44.5129286,0.006700663755,,,44.5129286,0.006700663755,0.88,0.1566,415,152,147,540,201,120,519,45,45,2.715167358,0.03775038115,0.89,0.1616,722,122,98,763,88,90,816,34,51
4089005,J002130.86-01119.2,002130.87-011109.3,0.786,0.786,0.7857000232,0.7839218535,,5.378583333,-1.185888889,46.02,0,45.30664951,0.00358475373,,,45.30664951,0.00358475373,0.87,0.0597,349,155,179,439,228,188,619,94,130,2.791690649,0.07716125715,0.82,0.065,548,175,144,600,183,173,594,57,122
4094167,J003410.01+011350.5,003410.01+011350.4,1.089,1.091692,1.088500023,1.089291028,,8.541708333,1.230694444,45.83,0.01,45.11495837,0.01043656086,,,45.11495837,0.01043656086,0.92,0.1219,1246,164,218,1317,226,265,1400,326,380,3.146128036,0.1097078605,0.95,0.0726,1162,277,260,1175,277,259,1507,151,398
4107774,J003929.21+003635.6,003929.19+003635.5,1.058,1.058,1.058099985,1.055661776,,9.871708333,0.6098888889,46.17,0,45.45856437,0.0033276867,,,45.45856437,0.0033276867,0.92,0.0966,733,158,196,1242,357,274,1006,186,203,3.002597981,0.08430622424,0.94,0.0422,1177,221,141,1251,210,134,835,91,104
4130501,J002549.37-005420.5,002549.37-005420.5,0.561,0.561342,0.5615000129,0.5595350266,,6.455708333,-0.9056944444,45.47,0.01,44.50421809,0.01067661564,,,44.50421809,0.01067661564,0.86,0.0619,420,69,64,430,74,66,427,50,48,2.630427875,0.05017612971,0.88,0.0705,438,94,78,446,99,83,557,58,36
4136284,J00247.08+010622.3,002407.07+010622.3,0.824,0.823673,0.8237000108,0.8215478242,,6.0295,1.106194444,45.26,0.02,44.54537768,0.01821484076,,,44.54537768,0.01821484076,0.93,0.0454,451,141,102,485,169,125,860,225,141,2.934498451,0.09883017609,0.89,0.0884,524,133,135,546,153,146,695,86,96
4139647,J002855.94+00140.2,002855.94+001400.2,1.605,1.605273,1.605900049,1.602263795,,7.233083333,0.2333888889,46.71,0,45.99983149,0.003894169409,,,45.99983149,0.003894169409,0.79,0.1229,919,271,436,1886,942,765,2252,402,256,3.352568386,0.06607790188,0.89,0.116,2157,307,398,2394,349,496,2381,299,338
